, 0, , , , 4
, 0, , , , 4
, 0, , , , 4
, 0, , , , 4
, 0, , , , 4
, 0, , , , 4
, 0, , , , 4
, 0, , , , 4
, 0, , , , 4
, 0, , , , 4
, 0, , , , 4
, 0, , , , 4
, 0, , , , 4
, 0, , , , 4
, 0, , , , 4
, 0, , , , 4
, 0, , , , 4
, 0, , , , 4
, 0, , , , 4
, 0, , , , 4
, 0, , , , 4
, 0, , , , 4
, 0, , , , 4
, 0, , , , 4
, 0, , , , 4
, 0, , , , 4
, 0, , , , 4
, 0, , , , 4
, 0, , , , 4
, 0, , , , 4
, 0, , , , 4
, 0, , , , 4
, 0, , , , 4
, 0, , , , 4
, 0, , , , 4
, 0, , , , 4
, 0, , , , 4
, 0, , , , 4
, 0, , , , 4
, 0, , , , 4
, 0, , , , 4
, 0, , , , 4
, 0, , , , 4
, 0, , , , 4
, 0, , , , 4
, 0, , , , 4
, 0, , , , 4
, 0, , , , 4
, 0, , , , 4
, 0, , , , 4
, 0, , , , 4
, 0, , , , 4
, 0, , , , 4
, 0, , , , 4
, 0, , , , 4
, 0, , , , 4
, 0, , , , 4
, 0, , , , 4
, 0, , , , 4
, 0, , , , 4
, 0, , , , 4
, 0, , , , 4
, 0, , , , 4
, 0, , , , 4
, 0, , , , 4
, 0, , , , 4
, 0, , , , 4
, 0, , , , 4
, 0, , , , 4
, 0, , , , 4
, 0, , , , 4
, 0, , , , 4
, 0, , , , 4
, 0, , , , 4
, 0, , , , 4
, 0, , , , 4
, 0, , , , 4
, 0, , , , 4
, 0, , , , 4
, 0, , , , 4
, 0, , , , 4
, 0, , , , 4
, 0, , , , 4
, 0, , , , 4
, 0, , , , 4
, 0, , , , 4
, 0, , , , 4
, 0, , , , 4
, 0, , , , 4
, 0, , , , 4
, 0, , , , 4
, 0, , , , 4
, 0, , , , 4
, 0, , , , 4
, 0, , , , 4
, 0, , , , 4
, 0, , , , 4
, 0, , , , 4
, 0, , , , 4
, 0, , , , 4
, 0, , , , 4
, 0, , , , 4
, 0, , , , 4
, 0, , , , 4
, 0, , , , 4
, 0, , , , 4
, 0, , , , 4
, 0, , , , 4
, 0, , , , 4
, 0, , , , 4
, 0, , , , 4
, 0, , , , 4
, 0, , , , 4
, 0, , , , 4
, 0, , , , 4
, 0, , , , 4
, 0, , , , 4
, 0, , , , 4
, 0, , , , 4
, 0, , , , 4
, 0, , , , 4
, 0, , , , 4
, 0, , , , 4
, 0, , , , 4
, 0, , , , 4
, 0, , , , 4
, 0, , , , 4
, 0, , , , 4
, 0, , , , 4
, 0, , , , 4
, 0, , , , 4
, 0, , , , 4
, 0, , , , 4
, 0, , , , 4
, 0, , , , 4
, 0, , , , 4
, 0, , , , 4
, 0, , , , 4
, 0, , , , 4
, 0, , , , 4
, 0, , , , 4
, 0, , , , 4
, 0, , , , 4
, 0, , , , 4
, 0, , , , 4
, 0, , , , 4
, 0, , , , 4
, 0, , , , 4
, 0, , , , 4
, 0, , , , 4
, 0, , , , 4
, 0, , , , 4
, 0, , , , 4
, 0, , , , 4
, 0, , , , 4
, 0, , , , 4
, 0, , , , 4
, 0, , , , 4
, 0, , , , 4
, 0, , , , 4
, 0, , , , 4
, 0, , , , 4
, 0, , , , 4
, 0, , , , 4
, 0, , , , 4
, 0, , , , 4
, 0, , , , 4
, 0, , , , 4
, 0, , , , 4
, 0, , , , 4
, 0, , , , 4
, 0, , , , 4
, 0, , , , 4
, 0, , , , 4
, 0, , , , 4
, 0, , , , 4
, 0, , , , 4
, 0, , , , 4
, 0, , , , 4
, 0, , , , 4
, 0, , , , 4
, 0, , , , 4
, 0, , , , 4
, 0, , , , 4
, 0, , , , 4
, 0, , , , 4
, 0, , , , 4
, 0, , , , 4
, 0, , , , 4
, 0, , , , 4
, 0, , , , 4
, 0, , , , 4
, 0, , , , 4
, 0, , , , 4
, 0, , , , 4
, 0, , , , 4
, 0, , , , 4
, 0, , , , 4
, 0, , , , 4
, 0, , , , 4
, 0, , , , 4
, 0, , , , 4
, 0, , , , 4
, 0, , , , 4
, 0, , , , 4
, 0, , , , 4
, 0, , , , 4
, 0, , , , 4
, 0, , , , 4
, 0, , , , 4
, 0, , , , 4
, 0, , , , 4
, 0, , , , 4
, 0, , , , 4
, 0, , , , 4
, 0, , , , 4
, 0, , , , 4
, 0, , , , 4
, 0, , , , 4
, 0, , , , 4
, 0, , , , 4
, 0, , , , 4
, 0, , , , 4
, 0, , , , 4
, 0, , , , 4
, 0, , , , 4
, 0, , , , 4
, 0, , , , 4
, 0, , , , 4
, 0, , , , 4
, 0, , , , 4
, 0, , , , 4
, 0, , , , 4
, 0, , , , 4
, 0, , , , 4
, 0, , , , 4
, 0, , , , 4
, 0, , , , 4
, 0, , , , 4
, 0, , , , 4
, 0, , , , 4
, 0, , , , 4
, 0, , , , 4
, 0, , , , 4
, 0, , , , 4
, 0, , , , 4
, 0, , , , 4
, 0, , , , 4
, 0, , , , 4
, 0, , , , 4
, 0, , , , 4
, 0, , , , 4
, 0, , , , 4
, 0, , , , 4
, 0, , , , 4
, 0, , , , 4
, 0, , , , 4
, 0, , , , 4
, 0, , , , 4
, 0, , , , 4
, 0, , , , 4
, 0, , , , 4
, 0, , , , 4
, 0, , , , 4
, 0, , , , 4
, 0, , , , 4
, 0, , , , 4
, 0, , , , 4
, 0, , , , 4
, 0, , , , 4
, 0, , , , 4
, 0, , , , 4
, 0, , , , 4
, 0, , , , 4
, 0, , , , 4
, 0, , , , 4
, 0, , , , 4
, 0, , , , 4
, 0, , , , 4
, 0, , , , 4
, 0, , , , 4
, 0, , , , 4
, 0, , , , 4
, 0, , , , 4
, 0, , , , 4
, 0, , , , 4
, 0, , , , 4
, 0, , , , 4
, 0, , , , 4
, 0, , , , 4
, 0, , , , 4
, 0, , , , 4
, 0, , , , 4
, 0, , , , 4
, 0, , , , 4
, 0, , , , 4
, 0, , , , 4
, 0, , , , 4
, 0, , , , 4
, 0, , , , 4
, 0, , , , 4
, 0, , , , 4
, 0, , , , 4
, 0, , , , 4
, 0, , , , 4
, 0, , , , 4
, 0, , , , 4
, 0, , , , 4
, 0, , , , 4
, 0, , , , 4
, 0, , , , 4
, 0, , , , 4
, 0, , , , 4
, 0, , , , 4
, 0, , , , 4
, 0, , , , 4
, 0, , , , 4
, 0, , , , 4
, 0, , , , 4
, 0, , , , 4
, 0, , , , 4
, 0, , , , 4
, 0, , , , 4
, 0, , , , 4
, 0, , , , 4
, 0, , , , 4
, 0, , , , 4
, 0, , , , 4
, 0, , , , 4
, 0, , , , 4
, 0, , , , 4
, 0, , , , 4
, 0, , , , 4
, 0, , , , 4
, 0, , , , 4
, 0, , , , 4
, 0, , , , 4
, 0, , , , 4
, 0, , , , 4
, 0, , , , 4
, 0, , , , 4
, 0, , , , 4
, 0, , , , 4
, 0, , , , 4
, 0, , , , 4
, 0, , , , 4
, 0, , , , 4
, 0, , , , 4
, 0, , , , 4
, 0, , , , 4
, 0, , , , 4
, 0, , , , 4
, 0, , , , 4
, 0, , , , 4
, 0, , , , 4
, 0, , , , 4
, 0, , , , 4
, 0, , , , 4
, 0, , , , 4
, 0, , , , 4
, 0, , , , 4
, 0, , , , 4
, 0, , , , 4
, 0, , , , 4
, 0, , , , 4
, 0, , , , 4
, 0, , , , 4
, 0, , , , 4
, 0, , , , 4
, 0, , , , 4
, 0, , , , 4
, 0, , , , 4
, 0, , , , 4
, 0, , , , 4
, 0, , , , 4
, 0, , , , 4
, 0, , , , 4
, 0, , , , 4
, 0, , , , 4
, 0, , , , 4
, 0, , , , 4
, 0, , , , 4
, 0, , , , 4
, 0, , , , 4
, 0, , , , 4
, 0, , , , 4
, 0, , , , 4
, 0, , , , 4
, 0, , , , 4
, 0, , , , 4
, 0, , , , 4
, 0, , , , 4
, 0, , , , 4
, 0, , , , 4
, 0, , , , 4
, 0, , , , 4
, 0, , , , 4
, 0, , , , 4
, 0, , , , 4
, 0, , , , 4
, 0, , , , 4
, 0, , , , 4
, 0, , , , 4
, 0, , , , 4
, 0, , , , 4
, 0, , , , 4
, 0, , , , 4
, 0, , , , 4
, 0, , , , 4
, 0, , , , 4
, 0, , , , 4
, 0, , , , 4
, 0, , , , 4
, 0, , , , 4
, 0, , , , 4
, 0, , , , 4
, 0, , , , 4
, 0, , , , 4
, 0, , , , 4
, 0, , , , 4
, 0, , , , 4
, 0, , , , 4
, 0, , , , 4
, 0, , , , 4
, 0, , , , 4
, 0, , , , 4
, 0, , , , 4
, 0, , , , 4
, 0, , , , 4
, 0, , , , 4
, 0, , , , 4
, 0, , , , 4
, 0, , , , 4
, 0, , , , 4
, 0, , , , 4
, 0, , , , 4
, 0, , , , 4
, 0, , , , 4
, 0, , , , 4
, 0, , , , 4
, 0, , , , 4
, 0, , , , 4
, 0, , , , 4
, 0, , , , 4
, 0, , , , 4
, 0, , , , 4
, 0, , , , 4
, 0, , , , 4
, 0, , , , 4
, 0, , , , 4
, 0, , , , 4
, 0, , , , 4
, 0, , , , 4
, 0, , , , 4
, 0, , , , 4
, 0, , , , 4
, 0, , , , 4
, 0, , , , 4
, 0, , , , 4
, 0, , , , 4
, 0, , , , 4
, 0, , , , 4
, 0, , , , 4
, 0, , , , 4
, 0, , , , 4
, 0, , , , 4
, 0, , , , 4
, 0, , , , 4
, 0, , , , 4
, 0, , , , 4
, 0, , , , 4
, 0, , , , 4
, 0, , , , 4
, 0, , , , 4
, 0, , , , 4
, 0, , , , 4
, 0, , , , 4
, 0, , , , 4
, 0, , , , 4
, 0, , , , 4
, 0, , , , 4
, 0, , , , 4
, 0, , , , 4
, 0, , , , 4
, 0, , , , 4
, 0, , , , 4
, 0, , , , 4
, 0, , , , 4
, 0, , , , 4
, 0, , , , 4
, 0, , , , 4
, 0, , , , 4
, 0, , , , 4
, 0, , , , 4
, 0, , , , 4
, 0, , , , 4
, 0, , , , 4
, 0, , , , 4
, 0, , , , 4
, 0, , , , 4
, 0, , , , 4
, 0, , , , 4
, 0, , , , 4
, 0, , , , 4
, 0, , , , 4
, 0, , , , 4
, 0, , , , 4
, 0, , , , 4
, 0, , , , 4
, 0, , , , 4
, 0, , , , 4
, 0, , , , 4
, 0, , , , 4
, 0, , , , 4
, 0, , , , 4
, 0, , , , 4
, 0, , , , 4
, 0, , , , 4
, 0, , , , 4
, 0, , , , 4
, 0, , , , 4
, 0, , , , 4
, 0, , , , 4
, 0, , , , 4
, 0, , , , 4
, 0, , , , 4
, 0, , , , 4
, 0, , , , 4
, 0, , , , 4
, 0, , , , 4
, 0, , , , 4
, 0, , , , 4
, 0, , , , 4
, 0, , , , 4
, 0, , , , 4
, 0, , , , 4
, 0, , , , 4
, 0, , , , 4
, 0, , , , 4
, 0, , , , 4
, 0, , , , 4
, 0, , , , 4
, 0, , , , 4
, 0, , , , 4
, 0, , , , 4
, 0, , , , 4
, 0, , , , 4
, 0, , , , 4
, 0, , , , 4
, 0, , , , 4
, 0, , , , 4
, 0, , , , 4
, 0, , , , 4
, 0, , , , 4
, 0, , , , 4
, 0, , , , 4
, 0, , , , 4
, 0, , , , 4
, 0, , , , 4
, 0, , , , 4
, 0, , , , 4
, 0, , , , 4
, 0, , , , 4
, 0, , , , 4
, 0, , , , 4
, 0, , , , 4
, 0, , , , 4
, 0, , , , 4
, 0, , , , 4
, 0, , , , 4
, 0, , , , 4
, 0, , , , 4
, 0, , , , 4
, 0, , , , 4
, 0, , , , 4
, 0, , , , 4
, 0, , , , 4
, 0, , , , 4
, 0, , , , 4
, 0, , , , 4
, 0, , , , 5
, 0, , , , 5
, 0, , , , 5
, 0, , , , 5
, 0, , , , 5
, 0, , , , 5
, 0, , , , 5
, 0, , , , 5
, 0, , , , 5
, 0, , , , 5
, 0, , , , 5
, 0, , , , 5
, 0, , , , 5
, 0, , , , 5
, 0, , , , 5
, 0, , , , 5
, 0, , , , 5
, 0, , , , 5
, 0, , , , 5
, 0, , , , 5
, 0, , , , 5
, 0, , , , 5
, 0, , , , 5
, 0, , , , 5
, 0, , , , 5
, 0, , , , 5
, 0, , , , 5
, 0, , , , 5
, 0, , , , 5
, 0, , , , 5
, 0, , , , 5
, 0, , , , 5
, 0, , , , 5
, 0, , , , 5
, 0, , , , 5
, 0, , , , 5
, 0, , , , 5
, 0, , , , 5
, 0, , , , 5
, 0, , , , 5
, 0, , , , 5
, 0, , , , 5
, 0, , , , 5
, 0, , , , 5
, 0, , , , 5
, 0, , , , 5
, 0, , , , 5
, 0, , , , 5
, 0, , , , 5
, 0, , , , 5
, 0, , , , 5
, 0, , , , 5
, 0, , , , 5
, 0, , , , 5
, 0, , , , 5
, 0, , , , 5
, 0, , , , 5
, 0, , , , 5
, 0, , , , 5
, 0, , , , 5
, 0, , , , 5
, 0, , , , 5
, 0, , , , 5
, 0, , , , 5
, 0, , , , 5
, 0, , , , 5
, 0, , , , 5
, 0, , , , 5
, 0, , , , 5
, 0, , , , 5
, 0, , , , 5
, 0, , , , 5
, 0, , , , 5
, 0, , , , 5
, 0, , , , 5
, 0, , , , 5
, 0, , , , 5
, 0, , , , 5
, 0, , , , 5
, 0, , , , 5
, 0, , , , 5
, 0, , , , 5
, 0, , , , 5
, 0, , , , 5
, 0, , , , 5
, 0, , , , 5
, 0, , , , 5
, 0, , , , 5
, 0, , , , 5
, 0, , , , 5
, 0, , , , 5
, 0, , , , 5
, 0, , , , 5
, 0, , , , 5
, 0, , , , 5
, 0, , , , 5
, 0, , , , 5
, 0, , , , 5
, 0, , , , 5
, 0, , , , 5
, 0, , , , 5
, 0, , , , 5
, 0, , , , 5
, 0, , , , 5
, 0, , , , 5
, 0, , , , 5
, 0, , , , 5
, 0, , , , 5
, 0, , , , 5
, 0, , , , 5
, 0, , , , 5
, 0, , , , 5
, 0, , , , 5
, 0, , , , 5
, 0, , , , 5
, 0, , , , 5
, 0, , , , 5
, 0, , , , 5
, 0, , , , 5
, 0, , , , 5
, 0, , , , 5
, 0, , , , 5
, 0, , , , 5
, 0, , , , 5
, 0, , , , 5
, 0, , , , 5
, 0, , , , 5
, 0, , , , 5
, 0, , , , 5
, 0, , , , 5
, 0, , , , 5
, 0, , , , 5
, 0, , , , 5
, 0, , , , 5
, 0, , , , 5
, 0, , , , 5
, 0, , , , 5
, 0, , , , 5
, 0, , , , 5
, 0, , , , 5
, 0, , , , 5
, 0, , , , 5
, 0, , , , 5
, 0, , , , 5
, 0, , , , 5
, 0, , , , 5
, 0, , , , 5
, 0, , , , 5
, 0, , , , 5
, 0, , , , 5
, 0, , , , 5
, 0, , , , 5
, 0, , , , 5
, 0, , , , 5
, 0, , , , 5
, 0, , , , 5
, 0, , , , 5
, 0, , , , 5
, 0, , , , 5
, 0, , , , 5
, 0, , , , 5
, 0, , , , 5
, 0, , , , 5
, 0, , , , 5
, 0, , , , 5
, 0, , , , 5
, 0, , , , 5
, 0, , , , 5
, 0, , , , 5
, 0, , , , 5
, 0, , , , 5
, 0, , , , 5
, 0, , , , 5
, 0, , , , 5
, 0, , , , 5
, 0, , , , 5
, 0, , , , 5
, 0, , , , 5
, 0, , , , 5
, 0, , , , 5
, 0, , , , 5
, 0, , , , 5
, 0, , , , 5
, 0, , , , 5
, 0, , , , 5
, 0, , , , 5
, 0, , , , 5
, 0, , , , 5
, 0, , , , 5
, 0, , , , 5
, 0, , , , 5
, 0, , , , 5
, 0, , , , 5
, 0, , , , 5
, 0, , , , 5
, 0, , , , 5
, 0, , , , 5
, 0, , , , 5
, 0, , , , 5
, 0, , , , 5
, 0, , , , 5
, 0, , , , 5
, 0, , , , 5
, 0, , , , 5
, 0, , , , 5
, 0, , , , 5
, 0, , , , 5
, 0, , , , 5
, 0, , , , 5
, 0, , , , 5
, 0, , , , 5
, 0, , , , 5
, 0, , , , 5
, 0, , , , 5
, 0, , , , 5
, 0, , , , 5
, 0, , , , 5
, 0, , , , 5
, 0, , , , 5
, 0, , , , 5
, 0, , , , 5
, 0, , , , 5
, 0, , , , 5
, 0, , , , 5
, 0, , , , 5
, 0, , , , 5
, 0, , , , 5
, 0, , , , 5
, 0, , , , 5
, 0, , , , 5
, 0, , , , 5
, 0, , , , 5
, 0, , , , 5
, 0, , , , 5
, 0, , , , 5
, 0, , , , 5
, 0, , , , 5
, 0, , , , 5
, 0, , , , 5
, 0, , , , 5
, 0, , , , 5
, 0, , , , 5
, 0, , , , 5
, 0, , , , 5
, 0, , , , 5
, 0, , , , 5
, 0, , , , 5
, 0, , , , 5
, 0, , , , 5
, 0, , , , 5
, 0, , , , 5
, 0, , , , 5
, 0, , , , 5
, 0, , , , 5
, 0, , , , 5
, 0, , , , 5
, 0, , , , 5
, 0, , , , 5
, 0, , , , 5
, 0, , , , 5
, 0, , , , 5
, 0, , , , 5
, 0, , , , 5
, 0, , , , 5
, 0, , , , 5
, 0, , , , 5
, 0, , , , 5
, 0, , , , 5
, 0, , , , 5
, 0, , , , 5
, 0, , , , 5
, 0, , , , 5
, 0, , , , 5
, 0, , , , 5
, 0, , , , 5
, 0, , , , 5
, 0, , , , 5
, 0, , , , 5
, 0, , , , 5
, 0, , , , 5
, 0, , , , 5
, 0, , , , 5
, 0, , , , 5
, 0, , , , 5
, 0, , , , 5
, 0, , , , 5
, 0, , , , 5
, 0, , , , 5
, 0, , , , 5
, 0, , , , 5
, 0, , , , 5
, 0, , , , 5
, 0, , , , 5
, 0, , , , 5
, 0, , , , 5
, 0, , , , 5
, 0, , , , 5
, 0, , , , 5
, 0, , , , 5
, 0, , , , 5
, 0, , , , 5
, 0, , , , 5
, 0, , , , 5
, 0, , , , 5
, 0, , , , 5
, 0, , , , 5
, 0, , , , 5
, 0, , , , 5
, 0, , , , 5
, 0, , , , 5
, 0, , , , 5
, 0, , , , 5
, 0, , , , 5
, 0, , , , 5
, 0, , , , 5
, 0, , , , 5
, 0, , , , 5
, 0, , , , 5
, 0, , , , 5
, 0, , , , 5
, 0, , , , 5
, 0, , , , 5
, 0, , , , 5
, 0, , , , 5
, 0, , , , 5
, 0, , , , 5
, 0, , , , 5
, 0, , , , 5
, 0, , , , 5
, 0, , , , 5
, 0, , , , 5
, 0, , , , 5
, 0, , , , 5
, 0, , , , 5
, 0, , , , 5
, 0, , , , 5
, 0, , , , 5
, 0, , , , 5
, 0, , , , 5
, 0, , , , 5
, 0, , , , 5
, 0, , , , 5
, 0, , , , 5
, 0, , , , 5
, 0, , , , 5
, 0, , , , 5
, 0, , , , 5
, 0, , , , 5
, 0, , , , 5
, 0, , , , 5
, 0, , , , 5
, 0, , , , 5
, 0, , , , 5
, 0, , , , 5
, 0, , , , 5
, 0, , , , 5
, 0, , , , 5
, 0, , , , 5
, 0, , , , 5
, 0, , , , 5
, 0, , , , 5
, 0, , , , 5
, 0, , , , 5
, 0, , , , 5
, 0, , , , 5
, 0, , , , 5
, 0, , , , 5
, 0, , , , 5
, 0, , , , 5
, 0, , , , 5
, 0, , , , 5
, 0, , , , 5
, 0, , , , 5
, 0, , , , 5
, 0, , , , 5
, 0, , , , 5
, 0, , , , 5
, 0, , , , 5
, 0, , , , 5
, 0, , , , 5
, 0, , , , 5
, 0, , , , 5
, 0, , , , 5
, 0, , , , 5
, 0, , , , 5
, 0, , , , 5
, 0, , , , 5
, 0, , , , 5
, 0, , , , 5
, 0, , , , 5
, 0, , , , 5
, 0, , , , 5
, 0, , , , 5
, 0, , , , 5
, 0, , , , 5
, 0, , , , 5
, 0, , , , 5
, 0, , , , 5
, 0, , , , 5
, 0, , , , 5
, 0, , , , 5
, 0, , , , 5
, 0, , , , 5
, 0, , , , 5
, 0, , , , 5
, 0, , , , 5
, 0, , , , 5
, 0, , , , 5
, 0, , , , 5
, 0, , , , 5
, 0, , , , 5
, 0, , , , 5
, 0, , , , 5
, 0, , , , 5
, 0, , , , 5
, 0, , , , 5
, 0, , , , 5
, 0, , , , 5
, 0, , , , 5
, 0, , , , 5
, 0, , , , 5
, 0, , , , 5
, 0, , , , 5
, 0, , , , 5
, 0, , , , 5
, 0, , , , 5
, 0, , , , 5
, 0, , , , 5
, 0, , , , 5
, 0, , , , 5
, 0, , , , 5
, 0, , , , 5
, 0, , , , 5
, 0, , , , 5
, 0, , , , 5
, 0, , , , 5
, 0, , , , 5
, 0, , , , 5
, 0, , , , 5
, 0, , , , 5
, 0, , , , 5
, 0, , , , 5
, 0, , , , 5
, 0, , , , 5
, 0, , , , 5
, 0, , , , 5
, 0, , , , 5
, 0, , , , 5
, 0, , , , 5
, 0, , , , 5
, 0, , , , 5
, 0, , , , 5
, 0, , , , 5
, 0, , , , 5
, 0, , , , 5
, 0, , , , 5
, 0, , , , 5
, 0, , , , 5
, 0, , , , 5
, 0, , , , 5
, 0, , , , 5
, 0, , , , 5
, 0, , , , 5
, 0, , , , 5
, 0, , , , 5
, 0, , , , 5
, 0, , , , 5
, 0, , , , 5
, 0, , , , 5
, 0, , , , 5
, 0, , , , 5
, 0, , , , 5
, 0, , , , 5
, 0, , , , 5
, 0, , , , 5
, 0, , , , 5
, 0, , , , 5
, 0, , , , 5
, 0, , , , 5
, 0, , , , 5
, 0, , , , 5
, 0, , , , 5
, 0, , , , 5
, 0, , , , 5
, 0, , , , 5
, 0, , , , 5
, 0, , , , 5
, 0, , , , 5
, 0, , , , 5
, 0, , , , 5
, 0, , , , 5
, 0, , , , 5
, 0, , , , 5
, 0, , , , 5
, 0, , , , 5
, 0, , , , 5
, 0, , , , 5
, 0, , , , 5
, 0, , , , 5
, 0, , , , 5
, 0, , , , 5
, 0, , , , 5
, 0, , , , 5
, 0, , , , 5
, 0, , , , 5
, 0, , , , 5
, 0, , , , 5
, 0, , , , 5
, 0, , , , 5
, 0, , , , 5
, 0, , , , 5
, 0, , , , 5
, 0, , , , 5
, 0, , , , 5
, 0, , , , 5
, 0, , , , 5
, 0, , , , 5
, 0, , , , 5
, 0, , , , 5
, 0, , , , 5
, 0, , , , 5
, 0, , , , 5
, 0, , , , 5
, 0, , , , 5
, 0, , , , 5
, 0, , , , 5
, 0, , , , 5
, 0, , , , 5
, 0, , , , 5
, 0, , , , 5
, 0, , , , 5
, 0, , , , 5
, 0, , , , 5
, 0, , , , 5
, 0, , , , 5
, 0, , , , 5
, 0, , , , 5
, 0, , , , 5
, 0, , , , 5
, 0, , , , 5
, 0, , , , 5
, 0, , , , 5
, 0, , , , 5
, 0, , , , 5
, 0, , , , 5
, 0, , , , 5
, 0, , , , 5
, 0, , , , 5
, 0, , , , 5
, 0, , , , 5
, 0, , , , 5
, 0, , , , 5
, 0, , , , 5
, 0, , , , 5
, 0, , , , 5
, 0, , , , 5
, 0, , , , 5
, 0, , , , 5
, 0, , , , 5
, 0, , , , 5
, 0, , , , 5
, 0, , , , 5
, 0, , , , 5
, 0, , , , 5
, 0, , , , 5
, 0, , , , 5
, 0, , , , 5
, 0, , , , 5
, 0, , , , 5
, 0, , , , 5
, 0, , , , 5
, 0, , , , 5
, 0, , , , 5
, 0, , , , 5
, 0, , , , 5
, 0, , , , 5
, 0, , , , 5
, 0, , , , 5
, 0, , , , 5
, 0, , , , 5
, 0, , , , 5
, 0, , , , 5
, 0, , , , 5
, 0, , , , 5
, 0, , , , 5
, 0, , , , 5
, 0, , , , 5
, 0, , , , 5
, 0, , , , 5
, 0, , , , 5
, 0, , , , 5
, 0, , , , 5
, 0, , , , 5
, 0, , , , 5
, 0, , , , 5
, 0, , , , 5
, 0, , , , 5
, 0, , , , 5
, 0, , , , 5
, 0, , , , 5
, 0, , , , 5
, 0, , , , 5
, 0, , , , 5
, 0, , , , 5
, 0, , , , 5
, 0, , , , 5
, 0, , , , 5
, 0, , , , 5
, 0, , , , 5
, 0, , , , 5
, 0, , , , 5
, 0, , , , 5
, 0, , , , 5
, 0, , , , 5
, 0, , , , 5
, 0, , , , 5
, 0, , , , 5
, 0, , , , 5
, 0, , , , 5
, 0, , , , 5
, 0, , , , 5
, 0, , , , 5
, 0, , , , 5
, 0, , , , 5
, 0, , , , 5
, 0, , , , 5
, 0, , , , 5
, 0, , , , 5
, 0, , , , 5
, 0, , , , 5
, 0, , , , 5
, 0, , , , 5
, 0, , , , 5
, 0, , , , 5
, 0, , , , 5
, 0, , , , 5
, 0, , , , 5
, 0, , , , 5
, 0, , , , 5
, 0, , , , 5
, 0, , , , 5
, 0, , , , 5
, 0, , , , 5
, 0, , , , 5
, 0, , , , 5
, 0, , , , 5
, 0, , , , 5
, 0, , , , 5
, 0, , , , 5
, 0, , , , 5
, 0, , , , 5
, 0, , , , 5
, 0, , , , 5
, 0, , , , 5
, 0, , , , 5
, 0, , , , 5
, 0, , , , 5
, 0, , , , 5
, 0, , , , 5
, 0, , , , 5
, 0, , , , 5
, 0, , , , 5
, 0, , , , 5
, 0, , , , 5
, 0, , , , 5
, 0, , , , 5
, 0, , , , 5
, 0, , , , 5
, 0, , , , 5
, 0, , , , 5
, 0, , , , 5
, 0, , , , 5
, 0, , , , 5
, 0, , , , 5
, 0, , , , 5
, 0, , , , 5
, 0, , , , 5
, 0, , , , 5
, 0, , , , 5
, 0, , , , 5
, 0, , , , 5
, 0, , , , 5
, 0, , , , 5
, 0, , , , 5
, 0, , , , 5
, 0, , , , 5
, 0, , , , 5
, 0, , , , 5
, 0, , , , 5
, 0, , , , 5
, 0, , , , 5
, 0, , , , 5
, 0, , , , 5
, 0, , , , 5
, 0, , , , 5
, 0, , , , 5
, 0, , , , 5
, 0, , , , 5
, 0, , , , 5
, 0, , , , 5
, 0, , , , 5
, 0, , , , 5
, 0, , , , 5
, 0, , , , 5
, 0, , , , 5
, 0, , , , 5
, 0, , , , 5
, 0, , , , 5
, 0, , , , 5
, 0, , , , 5
, 0, , , , 5
, 0, , , , 5
, 0, , , , 5
, 0, , , , 5
, 0, , , , 5
, 0, , , , 5
, 0, , , , 5
, 0, , , , 5
, 0, , , , 5
, 0, , , , 5
, 0, , , , 5
, 0, , , , 5
, 0, , , , 5
, 0, , , , 5
, 0, , , , 5
, 0, , , , 5
, 0, , , , 5
, 0, , , , 5
, 0, , , , 5
, 0, , , , 5
, 0, , , , 5
, 0, , , , 5
, 0, , , , 5
, 0, , , , 5
, 0, , , , 5
, 0, , , , 5
, 0, , , , 5
, 0, , , , 5
, 0, , , , 5
, 0, , , , 5
, 0, , , , 5
, 0, , , , 5
, 0, , , , 5
, 0, , , , 5
, 0, , , , 5
, 0, , , , 5
, 0, , , , 5
, 0, , , , 5
, 0, , , , 5
, 0, , , , 5
, 0, , , , 5
, 0, , , , 5
, 0, , , , 5
, 0, , , , 5
, 0, , , , 5
, 0, , , , 5
, 0, , , , 5
, 0, , , , 5
, 0, , , , 5
, 0, , , , 5
, 0, , , , 5
, 0, , , , 5
, 0, , , , 5
, 0, , , , 5
, 0, , , , 5
, 0, , , , 5
, 0, , , , 5
, 0, , , , 5
, 0, , , , 5
, 0, , , , 5
, 0, , , , 5
, 0, , , , 5
, 0, , , , 5
, 0, , , , 5
, 0, , , , 5
, 0, , , , 5
, 0, , , , 5
, 0, , , , 5
, 0, , , , 5
, 0, , , , 5
, 0, , , , 5
, 0, , , , 5
, 0, , , , 5
, 0, , , , 5
, 0, , , , 5
, 0, , , , 5
, 0, , , , 5
, 0, , , , 5
, 0, , , , 5
, 0, , , , 5
, 0, , , , 5
, 0, , , , 5
, 0, , , , 5
, 0, , , , 5
, 0, , , , 5
, 0, , , , 5
, 0, , , , 5
, 0, , , , 5
, 0, , , , 5
, 0, , , , 5
, 0, , , , 5
, 0, , , , 5
, 0, , , , 5
, 0, , , , 5
, 0, , , , 5
, 0, , , , 5
, 0, , , , 5
, 0, , , , 5
, 0, , , , 5
, 0, , , , 5
, 0, , , , 5
, 0, , , , 5
, 0, , , , 5
, 0, , , , 5
, 0, , , , 5
, 0, , , , 5
, 0, , , , 5
, 0, , , , 5
, 0, , , , 5
, 0, , , , 5
, 0, , , , 5
, 0, , , , 5
, 0, , , , 5
, 0, , , , 5
, 0, , , , 5
, 0, , , , 5
, 0, , , , 5
, 0, , , , 5
, 0, , , , 5
, 0, , , , 5
, 0, , , , 5
, 0, , , , 5
, 0, , , , 5
, 0, , , , 5
, 0, , , , 5
, 0, , , , 5
, 0, , , , 5
, 0, , , , 5
, 0, , , , 5
, 0, , , , 5
, 0, , , , 5
, 0, , , , 5
, 0, , , , 5
, 0, , , , 5
, 0, , , , 5
, 0, , , , 5
, 0, , , , 5
, 0, , , , 5
, 0, , , , 5
, 0, , , , 5
, 0, , , , 5
, 0, , , , 5
, 0, , , , 5
, 0, , , , 5
, 0, , , , 5
, 0, , , , 5
, 0, , , , 5
, 0, , , , 5
, 0, , , , 5
, 0, , , , 5
, 0, , , , 5
, 0, , , , 5
, 0, , , , 5
, 0, , , , 5
, 0, , , , 5
, 0, , , , 5
, 0, , , , 5
, 0, , , , 5
, 0, , , , 5
, 0, , , , 5
, 0, , , , 5
, 0, , , , 5
, 0, , , , 5
, 0, , , , 5
, 0, , , , 5
, 0, , , , 5
, 0, , , , 5
, 0, , , , 5
, 0, , , , 5
, 0, , , , 5
, 0, , , , 5
, 0, , , , 5
, 0, , , , 5
, 0, , , , 5
, 0, , , , 5
, 0, , , , 5
, 0, , , , 5
, 0, , , , 5
, 0, , , , 5
, 0, , , , 5
, 0, , , , 5
, 0, , , , 5
, 0, , , , 5
, 0, , , , 5
, 0, , , , 5
, 0, , , , 5
, 0, , , , 5
, 0, , , , 5
, 0, , , , 5
, 0, , , , 5
, 0, , , , 5
, 0, , , , 5
, 0, , , , 5
, 0, , , , 5
, 0, , , , 5
, 0, , , , 5
, 0, , , , 5
, 0, , , , 5
, 0, , , , 5
, 0, , , , 5
, 0, , , , 5
, 0, , , , 5
, 0, , , , 5
, 0, , , , 5
, 0, , , , 5
, 0, , , , 5
, 0, , , , 5
, 0, , , , 5
, 0, , , , 5
, 0, , , , 5
, 0, , , , 5
, 0, , , , 5
, 0, , , , 5
, 0, , , , 5
, 0, , , , 5
, 0, , , , 5
, 0, , , , 5
, 0, , , , 5
, 0, , , , 5
, 0, , , , 5
, 0, , , , 5
, 0, , , , 5
, 0, , , , 5
, 0, , , , 5
, 0, , , , 5
, 0, , , , 5
, 0, , , , 5
, 0, , , , 5
, 0, , , , 5
, 0, , , , 5
, 0, , , , 5
, 0, , , , 5
, 0, , , , 5
, 0, , , , 5
, 0, , , , 5
, 0, , , , 5
, 0, , , , 5
, 0, , , , 5
, 0, , , , 5
, 0, , , , 5
, 0, , , , 5
, 0, , , , 5
, 0, , , , 5
, 0, , , , 5
, 0, , , , 5
, 0, , , , 5
, 0, , , , 5
, 0, , , , 5
, 0, , , , 5
, 0, , , , 5
, 0, , , , 5
, 0, , , , 5
, 0, , , , 5
, 0, , , , 5
, 0, , , , 5
, 0, , , , 5
, 0, , , , 5
, 0, , , , 5
, 0, , , , 5
, 0, , , , 5
, 0, , , , 5
, 0, , , , 5
, 0, , , , 5
, 0, , , , 5
, 0, , , , 5
, 0, , , , 5
, 0, , , , 5
, 0, , , , 5
, 0, , , , 5
, 0, , , , 5
, 0, , , , 5
, 0, , , , 5
, 0, , , , 5
, 0, , , , 5
, 0, , , , 5
, 0, , , , 5
, 0, , , , 5
, 0, , , , 5
, 0, , , , 5
, 0, , , , 5
, 0, , , , 5
, 0, , , , 5
, 0, , , , 5
, 0, , , , 5
, 0, , , , 5
, 0, , , , 5
, 0, , , , 5
, 0, , , , 5
, 0, , , , 5
, 0, , , , 5
, 0, , , , 5
, 0, , , , 5
, 0, , , , 5
, 0, , , , 5
, 0, , , , 5
, 0, , , , 5
, 0, , , , 5
, 0, , , , 5
, 0, , , , 5
, 0, , , , 5
, 0, , , , 5
, 0, , , , 5
, 0, , , , 5
, 0, , , , 5
, 0, , , , 5
, 0, , , , 5
, 0, , , , 5
, 0, , , , 5
, 0, , , , 5
, 0, , , , 5
, 0, , , , 5
, 0, , , , 5
, 0, , , , 5
, 0, , , , 5
, 0, , , , 5
, 0, , , , 5
, 0, , , , 5
, 0, , , , 5
, 0, , , , 5
, 0, , , , 5
, 0, , , , 5
, 0, , , , 5
, 0, , , , 5
, 0, , , , 5
, 0, , , , 5
, 0, , , , 5
, 0, , , , 5
, 0, , , , 5
, 0, , , , 5
, 0, , , , 5
, 0, , , , 5
, 0, , , , 5
, 0, , , , 5
, 0, , , , 5
, 0, , , , 5
, 0, , , , 5
, 0, , , , 5
, 0, , , , 5
, 0, , , , 5
, 0, , , , 5
, 0, , , , 5
, 0, , , , 5
, 0, , , , 5
, 0, , , , 5
, 0, , , , 5
, 0, , , , 5
, 0, , , , 5
, 0, , , , 5
, 0, , , , 5
, 0, , , , 5
, 0, , , , 5
, 0, , , , 5
, 0, , , , 5
, 0, , , , 5
, 0, , , , 5
, 0, , , , 5
, 0, , , , 5
, 0, , , , 5
, 0, , , , 5
, 0, , , , 5
, 0, , , , 5
, 0, , , , 5
, 0, , , , 5
, 0, , , , 5
, 0, , , , 5
, 0, , , , 5
, 0, , , , 5
, 0, , , , 5
, 0, , , , 5
, 0, , , , 5
, 0, , , , 5
, 0, , , , 5
, 0, , , , 5
, 0, , , , 5
, 0, , , , 5
, 0, , , , 5
, 0, , , , 5
, 0, , , , 5
, 0, , , , 5
, 0, , , , 5
, 0, , , , 5
, 0, , , , 5
, 0, , , , 5
, 0, , , , 5
, 0, , , , 5
, 0, , , , 5
, 0, , , , 5
, 0, , , , 5
, 0, , , , 5
, 0, , , , 5
, 0, , , , 5
, 0, , , , 5
, 0, , , , 5
, 0, , , , 5
, 0, , , , 5
, 0, , , , 5
, 0, , , , 5
, 0, , , , 5
, 0, , , , 5
, 0, , , , 5
, 0, , , , 5
, 0, , , , 5
, 0, , , , 5
, 0, , , , 5
, 0, , , , 5
, 0, , , , 5
, 0, , , , 5
, 0, , , , 5
, 0, , , , 5
, 0, , , , 5
, 0, , , , 5
, 0, , , , 5
, 0, , , , 5
, 0, , , , 5
, 0, , , , 5
, 0, , , , 5
, 0, , , , 5
, 0, , , , 5
, 0, , , , 5
, 0, , , , 5
, 0, , , , 5
, 0, , , , 5
, 0, , , , 5
, 0, , , , 5
, 0, , , , 5
, 0, , , , 5
, 0, , , , 5
, 0, , , , 5
, 0, , , , 5
, 0, , , , 5
, 0, , , , 5
, 0, , , , 5
, 0, , , , 5
, 0, , , , 5
, 0, , , , 5
, 0, , , , 5
, 0, , , , 5
, 0, , , , 5
, 0, , , , 5
, 0, , , , 5
, 0, , , , 5
, 0, , , , 5
, 0, , , , 5
, 0, , , , 5
, 0, , , , 5
, 0, , , , 5
, 0, , , , 5
, 0, , , , 5
, 0, , , , 5
, 0, , , , 5
, 0, , , , 5
, 0, , , , 5
, 0, , , , 5
, 0, , , , 5
, 0, , , , 5
, 0, , , , 5
, 0, , , , 5
, 0, , , , 5
, 0, , , , 5
, 0, , , , 5
, 0, , , , 5
, 0, , , , 5
, 0, , , , 5
, 0, , , , 5
, 0, , , , 5
, 0, , , , 5
, 0, , , , 5
, 0, , , , 5
, 0, , , , 5
, 0, , , , 5
, 0, , , , 5
, 0, , , , 5
, 0, , , , 5
, 0, , , , 5
, 0, , , , 5
, 0, , , , 5
, 0, , , , 5
, 0, , , , 5
, 0, , , , 5
, 0, , , , 5
, 0, , , , 5
, 0, , , , 5
, 0, , , , 5
, 0, , , , 5
, 0, , , , 5
, 0, , , , 5
, 0, , , , 5
, 0, , , , 5
, 0, , , , 5
, 0, , , , 5
, 0, , , , 5
, 0, , , , 5
, 0, , , , 5
, 0, , , , 5
, 0, , , , 5
, 0, , , , 5
, 0, , , , 5
, 0, , , , 5
, 0, , , , 5
, 0, , , , 5
, 0, , , , 5
, 0, , , , 5
, 0, , , , 5
, 0, , , , 5
, 0, , , , 5
, 0, , , , 5
, 0, , , , 5
, 0, , , , 5
, 0, , , , 5
, 0, , , , 5
, 0, , , , 5
, 0, , , , 5
, 0, , , , 5
, 0, , , , 5
, 0, , , , 5
, 0, , , , 5
, 0, , , , 5
, 0, , , , 5
, 0, , , , 5
, 0, , , , 5
, 0, , , , 5
, 0, , , , 5
, 0, , , , 5
, 0, , , , 5
, 0, , , , 5
, 0, , , , 5
, 0, , , , 5
, 0, , , , 5
, 0, , , , 5
, 0, , , , 5
, 0, , , , 5
, 0, , , , 5
, 0, , , , 5
, 0, , , , 5
, 0, , , , 5
, 0, , , , 5
, 0, , , , 5
, 0, , , , 5
, 0, , , , 5
, 0, , , , 5
, 0, , , , 5
, 0, , , , 5
, 0, , , , 5
, 0, , , , 5
, 0, , , , 5
, 0, , , , 5
, 0, , , , 5
, 0, , , , 5
, 0, , , , 5
, 0, , , , 5
, 0, , , , 5
, 0, , , , 5
, 0, , , , 5
, 0, , , , 5
, 0, , , , 5
, 0, , , , 5
, 0, , , , 5
, 0, , , , 5
, 0, , , , 5
, 0, , , , 5
, 0, , , , 5
, 0, , , , 5
, 0, , , , 5
, 0, , , , 5
, 0, , , , 5
, 0, , , , 5
, 0, , , , 5
, 0, , , , 5
, 0, , , , 5
, 0, , , , 5
, 0, , , , 5
, 0, , , , 5
, 0, , , , 5
, 0, , , , 5
, 0, , , , 6
, 0, , , , 6
, 0, , , , 6
, 0, , , , 6
, 0, , , , 6
, 0, , , , 6
, 0, , , , 6
, 0, , , , 6
, 0, , , , 6
, 0, , , , 6
, 0, , , , 6
, 0, , , , 6
, 0, , , , 6
, 0, , , , 6
, 0, , , , 6
, 0, , , , 6
, 0, , , , 6
, 0, , , , 6
, 0, , , , 6
, 0, , , , 6
, 0, , , , 6
, 0, , , , 6
, 0, , , , 6
, 0, , , , 6
, 0, , , , 6
, 0, , , , 6
, 0, , , , 6
, 0, , , , 6
, 0, , , , 6
, 0, , , , 6
, 0, , , , 6
, 0, , , , 6
, 0, , , , 6
, 0, , , , 6
, 0, , , , 6
, 0, , , , 6
, 0, , , , 6
, 0, , , , 6
, 0, , , , 6
, 0, , , , 6
, 0, , , , 6
, 0, , , , 6
, 0, , , , 6
, 0, , , , 6
, 0, , , , 6
, 0, , , , 6
, 0, , , , 6
, 0, , , , 6
, 0, , , , 6
, 0, , , , 6
, 0, , , , 6
, 0, , , , 6
, 0, , , , 6
, 0, , , , 6
, 0, , , , 6
, 0, , , , 6
, 0, , , , 6
, 0, , , , 6
, 0, , , , 6
, 0, , , , 6
, 0, , , , 6
, 0, , , , 6
, 0, , , , 6
, 0, , , , 6
, 0, , , , 6
, 0, , , , 6
, 0, , , , 6
, 0, , , , 6
, 0, , , , 6
, 0, , , , 6
, 0, , , , 6
, 0, , , , 6
, 0, , , , 6
, 0, , , , 6
, 0, , , , 6
, 0, , , , 6
, 0, , , , 6
, 0, , , , 6
, 0, , , , 6
, 0, , , , 6
, 0, , , , 6
, 0, , , , 6
, 0, , , , 6
, 0, , , , 6
, 0, , , , 6
, 0, , , , 6
, 0, , , , 6
, 0, , , , 6
, 0, , , , 6
, 0, , , , 6
, 0, , , , 6
, 0, , , , 6
, 0, , , , 6
, 0, , , , 6
, 0, , , , 6
, 0, , , , 6
, 0, , , , 6
, 0, , , , 6
, 0, , , , 6
, 0, , , , 6
, 0, , , , 6
, 0, , , , 6
, 0, , , , 6
, 0, , , , 6
, 0, , , , 6
, 0, , , , 6
, 0, , , , 6
, 0, , , , 6
, 0, , , , 6
, 0, , , , 6
, 0, , , , 6
, 0, , , , 6
, 0, , , , 6
, 0, , , , 6
, 0, , , , 6
, 0, , , , 6
, 0, , , , 6
, 0, , , , 6
, 0, , , , 6
, 0, , , , 6
, 0, , , , 6
, 0, , , , 6
, 0, , , , 6
, 0, , , , 6
, 0, , , , 6
, 0, , , , 6
, 0, , , , 6
, 0, , , , 6
, 0, , , , 6
, 0, , , , 6
, 0, , , , 6
, 0, , , , 6
, 0, , , , 6
, 0, , , , 6
, 0, , , , 6
, 0, , , , 6
, 0, , , , 6
, 0, , , , 6
, 0, , , , 6
, 0, , , , 6
, 0, , , , 6
, 0, , , , 6
, 0, , , , 6
, 0, , , , 6
, 0, , , , 6
, 0, , , , 6
, 0, , , , 6
, 0, , , , 6
, 0, , , , 6
, 0, , , , 6
, 0, , , , 6
, 0, , , , 6
, 0, , , , 6
, 0, , , , 6
, 0, , , , 6
, 0, , , , 6
, 0, , , , 6
, 0, , , , 6
, 0, , , , 6
, 0, , , , 6
, 0, , , , 6
, 0, , , , 6
, 0, , , , 6
, 0, , , , 6
, 0, , , , 6
, 0, , , , 6
, 0, , , , 6
, 0, , , , 6
, 0, , , , 6
, 0, , , , 6
, 0, , , , 6
, 0, , , , 6
, 0, , , , 6
, 0, , , , 6
, 0, , , , 6
, 0, , , , 6
, 0, , , , 6
, 0, , , , 6
, 0, , , , 6
, 0, , , , 6
, 0, , , , 6
, 0, , , , 6
, 0, , , , 6
, 0, , , , 6
, 0, , , , 6
, 0, , , , 6
, 0, , , , 6
, 0, , , , 6
, 0, , , , 6
, 0, , , , 6
, 0, , , , 6
, 0, , , , 6
, 0, , , , 6
, 0, , , , 6
, 0, , , , 6
, 0, , , , 6
, 0, , , , 6
, 0, , , , 6
, 0, , , , 6
, 0, , , , 6
, 0, , , , 6
, 0, , , , 6
, 0, , , , 6
, 0, , , , 6
, 0, , , , 6
, 0, , , , 6
, 0, , , , 6
, 0, , , , 6
, 0, , , , 6
, 0, , , , 6
, 0, , , , 6
, 0, , , , 6
, 0, , , , 6
, 0, , , , 6
, 0, , , , 6
, 0, , , , 6
, 0, , , , 6
, 0, , , , 6
, 0, , , , 6
, 0, , , , 6
, 0, , , , 6
, 0, , , , 6
, 0, , , , 6
, 0, , , , 6
, 0, , , , 6
, 0, , , , 6
, 0, , , , 6
, 0, , , , 6
, 0, , , , 6
, 0, , , , 6
, 0, , , , 6
, 0, , , , 6
, 0, , , , 6
, 0, , , , 6
, 0, , , , 6
, 0, , , , 6
, 0, , , , 6
, 0, , , , 6
, 0, , , , 6
, 0, , , , 6
, 0, , , , 6
, 0, , , , 6
, 0, , , , 6
, 0, , , , 6
, 0, , , , 6
, 0, , , , 6
, 0, , , , 6
, 0, , , , 6
, 0, , , , 6
, 0, , , , 6
, 0, , , , 6
, 0, , , , 6
, 0, , , , 6
, 0, , , , 6
, 0, , , , 6
, 0, , , , 6
, 0, , , , 6
, 0, , , , 6
, 0, , , , 6
, 0, , , , 6
, 0, , , , 6
, 0, , , , 6
, 0, , , , 6
, 0, , , , 6
, 0, , , , 6
, 0, , , , 6
, 0, , , , 6
, 0, , , , 6
, 0, , , , 6
, 0, , , , 6
, 0, , , , 6
, 0, , , , 6
, 0, , , , 6
, 0, , , , 6
, 0, , , , 6
, 0, , , , 6
, 0, , , , 6
, 0, , , , 6
, 0, , , , 6
, 0, , , , 6
, 0, , , , 6
, 0, , , , 6
, 0, , , , 6
, 0, , , , 6
, 0, , , , 6
, 0, , , , 6
, 0, , , , 6
, 0, , , , 6
, 0, , , , 6
, 0, , , , 6
, 0, , , , 6
, 0, , , , 6
, 0, , , , 6
, 0, , , , 6
, 0, , , , 6
, 0, , , , 6
, 0, , , , 6
, 0, , , , 6
, 0, , , , 6
, 0, , , , 6
, 0, , , , 6
, 0, , , , 6
, 0, , , , 6
, 0, , , , 6
, 0, , , , 6
, 0, , , , 6
, 0, , , , 6
, 0, , , , 6
, 0, , , , 6
, 0, , , , 6
, 0, , , , 6
, 0, , , , 6
, 0, , , , 6
, 0, , , , 6
, 0, , , , 6
, 0, , , , 6
, 0, , , , 6
, 0, , , , 6
, 0, , , , 6
, 0, , , , 6
, 0, , , , 6
, 0, , , , 6
, 0, , , , 6
, 0, , , , 6
, 0, , , , 6
, 0, , , , 6
, 0, , , , 6
, 0, , , , 6
, 0, , , , 6
, 0, , , , 6
, 0, , , , 6
, 0, , , , 6
, 0, , , , 6
, 0, , , , 6
, 0, , , , 6
, 0, , , , 6
, 0, , , , 6
, 0, , , , 6
, 0, , , , 6
, 0, , , , 6
, 0, , , , 6
, 0, , , , 6
, 0, , , , 6
, 0, , , , 6
, 0, , , , 6
, 0, , , , 6
, 0, , , , 6
, 0, , , , 6
, 0, , , , 6
, 0, , , , 6
, 0, , , , 6
, 0, , , , 6
, 0, , , , 6
, 0, , , , 6
, 0, , , , 6
, 0, , , , 6
, 0, , , , 6
, 0, , , , 6
, 0, , , , 6
, 0, , , , 6
, 0, , , , 6
, 0, , , , 6
, 0, , , , 6
, 0, , , , 6
, 0, , , , 6
, 0, , , , 6
, 0, , , , 6
, 0, , , , 6
, 0, , , , 6
, 0, , , , 6
, 0, , , , 6
, 0, , , , 6
, 0, , , , 6
, 0, , , , 6
, 0, , , , 6
, 0, , , , 6
, 0, , , , 6
, 0, , , , 6
, 0, , , , 6
, 0, , , , 6
, 0, , , , 6
, 0, , , , 6
, 0, , , , 6
, 0, , , , 6
, 0, , , , 6
, 0, , , , 6
, 0, , , , 6
, 0, , , , 6
, 0, , , , 6
, 0, , , , 6
, 0, , , , 6
, 0, , , , 6
, 0, , , , 6
, 0, , , , 6
, 0, , , , 6
, 0, , , , 6
, 0, , , , 6
, 0, , , , 6
, 0, , , , 6
, 0, , , , 6
, 0, , , , 6
, 0, , , , 6
, 0, , , , 6
, 0, , , , 6
, 0, , , , 6
, 0, , , , 6
, 0, , , , 6
, 0, , , , 6
, 0, , , , 6
, 0, , , , 6
, 0, , , , 6
, 0, , , , 6
, 0, , , , 6
, 0, , , , 6
, 0, , , , 6
, 0, , , , 6
, 0, , , , 6
, 0, , , , 6
, 0, , , , 6
, 0, , , , 6
, 0, , , , 6
, 0, , , , 6
, 0, , , , 6
, 0, , , , 6
, 0, , , , 6
, 0, , , , 6
, 0, , , , 6
, 0, , , , 6
, 0, , , , 6
, 0, , , , 6
, 0, , , , 6
, 0, , , , 6
, 0, , , , 6
, 0, , , , 6
, 0, , , , 6
, 0, , , , 6
, 0, , , , 6
, 0, , , , 6
, 0, , , , 6
, 0, , , , 6
, 0, , , , 6
, 0, , , , 6
, 0, , , , 6
, 0, , , , 6
, 0, , , , 6
, 0, , , , 6
, 0, , , , 6
, 0, , , , 6
, 0, , , , 6
, 0, , , , 6
, 0, , , , 6
, 0, , , , 6
, 0, , , , 6
, 0, , , , 6
, 0, , , , 6
, 0, , , , 6
, 0, , , , 6
, 0, , , , 6
, 0, , , , 6
, 0, , , , 6
, 0, , , , 6
, 0, , , , 6
, 0, , , , 6
, 0, , , , 6
, 0, , , , 6
, 0, , , , 6
, 0, , , , 6
, 0, , , , 6
, 0, , , , 6
, 0, , , , 6
, 0, , , , 6
, 0, , , , 6
, 0, , , , 6
, 0, , , , 6
, 0, , , , 6
, 0, , , , 6
, 0, , , , 6
, 0, , , , 6
, 0, , , , 6
, 0, , , , 6
, 0, , , , 6
, 0, , , , 6
, 0, , , , 6
, 0, , , , 6
, 0, , , , 6
, 0, , , , 6
, 0, , , , 6
, 0, , , , 6
, 0, , , , 6
, 0, , , , 6
, 0, , , , 6
, 0, , , , 6
, 0, , , , 6
, 0, , , , 6
, 0, , , , 6
, 0, , , , 6
, 0, , , , 6
, 0, , , , 6
, 0, , , , 6
, 0, , , , 6
, 0, , , , 6
, 0, , , , 6
, 0, , , , 6
, 0, , , , 6
, 0, , , , 6
, 0, , , , 6
, 0, , , , 6
, 0, , , , 6
, 0, , , , 6
, 0, , , , 6
, 0, , , , 6
, 0, , , , 6
, 0, , , , 6
, 0, , , , 6
, 0, , , , 6
, 0, , , , 6
, 0, , , , 6
, 0, , , , 6
, 0, , , , 6
, 0, , , , 6
, 0, , , , 6
, 0, , , , 6
, 0, , , , 6
, 0, , , , 6
, 0, , , , 6
, 0, , , , 6
, 0, , , , 6
, 0, , , , 6
, 0, , , , 6
, 0, , , , 6
, 0, , , , 6
, 0, , , , 6
, 0, , , , 6
, 0, , , , 6
, 0, , , , 6
, 0, , , , 6
, 0, , , , 6
, 0, , , , 6
, 0, , , , 6
, 0, , , , 6
, 0, , , , 6
, 0, , , , 6
, 0, , , , 6
, 0, , , , 6
, 0, , , , 6
, 0, , , , 6
, 0, , , , 6
, 0, , , , 6
, 0, , , , 6
, 0, , , , 6
, 0, , , , 6
, 0, , , , 6
, 0, , , , 6
, 0, , , , 6
, 0, , , , 6
, 0, , , , 6
, 0, , , , 6
, 0, , , , 6
, 0, , , , 6
, 0, , , , 6
, 0, , , , 6
, 0, , , , 6
, 0, , , , 6
, 0, , , , 6
, 0, , , , 6
, 0, , , , 6
, 0, , , , 6
, 0, , , , 6
, 0, , , , 6
, 0, , , , 6
, 0, , , , 6
, 0, , , , 6
, 0, , , , 6
, 0, , , , 6
, 0, , , , 6
, 0, , , , 6
, 0, , , , 6
, 0, , , , 6
, 0, , , , 6
, 0, , , , 6
, 0, , , , 6
, 0, , , , 6
, 0, , , , 6
, 0, , , , 6
, 0, , , , 6
, 0, , , , 6
, 0, , , , 6
, 0, , , , 6
, 0, , , , 6
, 0, , , , 6
, 0, , , , 6
, 0, , , , 6
, 0, , , , 6
, 0, , , , 6
, 0, , , , 6
, 0, , , , 6
, 0, , , , 6
, 0, , , , 6
, 0, , , , 6
, 0, , , , 6
, 0, , , , 6
, 0, , , , 6
, 0, , , , 6
, 0, , , , 6
, 0, , , , 6
, 0, , , , 6
, 0, , , , 6
, 0, , , , 6
, 0, , , , 6
, 0, , , , 6
, 0, , , , 6
, 0, , , , 6
, 0, , , , 6
, 0, , , , 6
, 0, , , , 6
, 0, , , , 6
, 0, , , , 6
, 0, , , , 6
, 0, , , , 6
, 0, , , , 6
, 0, , , , 6
, 0, , , , 6
, 0, , , , 6
, 0, , , , 6
, 0, , , , 6
, 0, , , , 6
, 0, , , , 6
, 0, , , , 6
, 0, , , , 6
, 0, , , , 6
, 0, , , , 6
, 0, , , , 6
, 0, , , , 6
, 0, , , , 6
, 0, , , , 6
, 0, , , , 6
, 0, , , , 6
, 0, , , , 6
, 0, , , , 6
, 0, , , , 6
, 0, , , , 6
, 0, , , , 6
, 0, , , , 6
, 0, , , , 6
, 0, , , , 6
, 0, , , , 6
, 0, , , , 6
, 0, , , , 6
, 0, , , , 6
, 0, , , , 6
, 0, , , , 6
, 0, , , , 6
, 0, , , , 6
, 0, , , , 6
, 0, , , , 6
, 0, , , , 6
, 0, , , , 6
, 0, , , , 6
, 0, , , , 6
, 0, , , , 6
, 0, , , , 6
, 0, , , , 6
, 0, , , , 6
, 0, , , , 6
, 0, , , , 6
, 0, , , , 6
, 0, , , , 6
, 0, , , , 6
, 0, , , , 6
, 0, , , , 6
, 0, , , , 6
, 0, , , , 6
, 0, , , , 6
, 0, , , , 6
, 0, , , , 6
, 0, , , , 6
, 0, , , , 6
, 0, , , , 6
, 0, , , , 6
, 0, , , , 6
, 0, , , , 6
, 0, , , , 6
, 0, , , , 6
, 0, , , , 6
, 0, , , , 6
, 0, , , , 6
, 0, , , , 6
, 0, , , , 6
, 0, , , , 6
, 0, , , , 6
, 0, , , , 6
, 0, , , , 6
, 0, , , , 6
, 0, , , , 6
, 0, , , , 6
, 0, , , , 6
, 0, , , , 6
, 0, , , , 6
, 0, , , , 6
, 0, , , , 6
, 0, , , , 6
, 0, , , , 6
, 0, , , , 6
, 0, , , , 6
, 0, , , , 6
, 0, , , , 6
, 0, , , , 6
, 0, , , , 6
, 0, , , , 6
, 0, , , , 6
, 0, , , , 6
, 0, , , , 6
, 0, , , , 6
, 0, , , , 6
, 0, , , , 6
, 0, , , , 6
, 0, , , , 6
, 0, , , , 6
, 0, , , , 6
, 0, , , , 6
, 0, , , , 6
, 0, , , , 6
, 0, , , , 6
, 0, , , , 6
, 0, , , , 6
, 0, , , , 6
, 0, , , , 6
, 0, , , , 6
, 0, , , , 6
, 0, , , , 6
, 0, , , , 6
, 0, , , , 6
, 0, , , , 6
, 0, , , , 6
, 0, , , , 6
, 0, , , , 6
, 0, , , , 6
, 0, , , , 6
, 0, , , , 6
, 0, , , , 6
, 0, , , , 6
, 0, , , , 6
, 0, , , , 6
, 0, , , , 6
, 0, , , , 6
, 0, , , , 6
, 0, , , , 6
, 0, , , , 6
, 0, , , , 6
, 0, , , , 6
, 0, , , , 6
, 0, , , , 6
, 0, , , , 6
, 0, , , , 6
, 0, , , , 6
, 0, , , , 6
, 0, , , , 6
, 0, , , , 6
, 0, , , , 6
, 0, , , , 6
, 0, , , , 6
, 0, , , , 6
, 0, , , , 6
, 0, , , , 6
, 0, , , , 6
, 0, , , , 6
, 0, , , , 6
, 0, , , , 6
, 0, , , , 6
, 0, , , , 6
, 0, , , , 6
, 0, , , , 6
, 0, , , , 6
, 0, , , , 6
, 0, , , , 6
, 0, , , , 6
, 0, , , , 6
, 0, , , , 6
, 0, , , , 6
, 0, , , , 6
, 0, , , , 6
, 0, , , , 6
, 0, , , , 6
, 0, , , , 6
, 0, , , , 6
, 0, , , , 6
, 0, , , , 6
, 0, , , , 6
, 0, , , , 6
, 0, , , , 6
, 0, , , , 6
, 0, , , , 6
, 0, , , , 6
, 0, , , , 6
, 0, , , , 6
, 0, , , , 6
, 0, , , , 6
, 0, , , , 6
, 0, , , , 6
, 0, , , , 6
, 0, , , , 6
, 0, , , , 6
, 0, , , , 6
, 0, , , , 6
, 0, , , , 6
, 0, , , , 6
, 0, , , , 6
, 0, , , , 6
, 0, , , , 6
, 0, , , , 6
, 0, , , , 6
, 0, , , , 6
, 0, , , , 6
, 0, , , , 6
, 0, , , , 6
, 0, , , , 6
, 0, , , , 6
, 0, , , , 6
, 0, , , , 6
, 0, , , , 6
, 0, , , , 6
, 0, , , , 6
, 0, , , , 6
, 0, , , , 6
, 0, , , , 6
, 0, , , , 6
, 0, , , , 6
, 0, , , , 6
, 0, , , , 6
, 0, , , , 6
, 0, , , , 6
, 0, , , , 6
, 0, , , , 6
, 0, , , , 6
, 0, , , , 6
, 0, , , , 6
, 0, , , , 6
, 0, , , , 6
, 0, , , , 6
, 0, , , , 6
, 0, , , , 6
, 0, , , , 6
, 0, , , , 6
, 0, , , , 6
, 0, , , , 6
, 0, , , , 6
, 0, , , , 6
, 0, , , , 6
, 0, , , , 6
, 0, , , , 6
, 0, , , , 6
, 0, , , , 6
, 0, , , , 6
, 0, , , , 6
, 0, , , , 6
, 0, , , , 6
, 0, , , , 6
, 0, , , , 6
, 0, , , , 6
, 0, , , , 6
, 0, , , , 6
, 0, , , , 6
, 0, , , , 6
, 0, , , , 6
, 0, , , , 6
, 0, , , , 6
, 0, , , , 6
, 0, , , , 6
, 0, , , , 6
, 0, , , , 6
, 0, , , , 6
, 0, , , , 6
, 0, , , , 6
, 0, , , , 6
, 0, , , , 6
, 0, , , , 6
, 0, , , , 6
, 0, , , , 6
, 0, , , , 6
, 0, , , , 6
, 0, , , , 6
, 0, , , , 6
, 0, , , , 6
, 0, , , , 6
, 0, , , , 6
, 0, , , , 6
, 0, , , , 6
, 0, , , , 6
, 0, , , , 6
, 0, , , , 6
, 0, , , , 6
, 0, , , , 6
, 0, , , , 6
, 0, , , , 6
, 0, , , , 6
, 0, , , , 6
, 0, , , , 6
, 0, , , , 6
, 0, , , , 6
, 0, , , , 6
, 0, , , , 6
, 0, , , , 6
, 0, , , , 6
, 0, , , , 6
, 0, , , , 6
, 0, , , , 6
, 0, , , , 6
, 0, , , , 6
, 0, , , , 6
, 0, , , , 6
, 0, , , , 6
, 0, , , , 6
, 0, , , , 6
, 0, , , , 6
, 0, , , , 6
, 0, , , , 6
, 0, , , , 6
, 0, , , , 6
, 0, , , , 6
, 0, , , , 6
, 0, , , , 6
, 0, , , , 6
, 0, , , , 6
, 0, , , , 6
, 0, , , , 6
, 0, , , , 6
, 0, , , , 6
, 0, , , , 6
, 0, , , , 6
, 0, , , , 6
, 0, , , , 6
, 0, , , , 6
, 0, , , , 6
, 0, , , , 6
, 0, , , , 6
, 0, , , , 6
, 0, , , , 6
, 0, , , , 6
, 0, , , , 6
, 0, , , , 6
, 0, , , , 6
, 0, , , , 6
, 0, , , , 6
, 0, , , , 6
, 0, , , , 6
, 0, , , , 6
, 0, , , , 6
, 0, , , , 6
, 0, , , , 6
, 0, , , , 6
, 0, , , , 6
, 0, , , , 6
, 0, , , , 6
, 0, , , , 6
, 0, , , , 6
, 0, , , , 6
, 0, , , , 6
, 0, , , , 6
, 0, , , , 6
, 0, , , , 6
, 0, , , , 6
, 0, , , , 6
, 0, , , , 6
, 0, , , , 6
, 0, , , , 6
, 0, , , , 6
, 0, , , , 6
, 0, , , , 6
, 0, , , , 6
, 0, , , , 6
, 0, , , , 6
, 0, , , , 6
, 0, , , , 6
, 0, , , , 6
, 0, , , , 6
, 0, , , , 6
, 0, , , , 6
, 0, , , , 6
, 0, , , , 6
, 0, , , , 6
, 0, , , , 6
, 0, , , , 6
, 0, , , , 6
, 0, , , , 6
, 0, , , , 6
, 0, , , , 6
, 0, , , , 6
, 0, , , , 6
, 0, , , , 6
, 0, , , , 6
, 0, , , , 6
, 0, , , , 6
, 0, , , , 6
, 0, , , , 6
, 0, , , , 6
, 0, , , , 6
, 0, , , , 6
, 0, , , , 6
, 0, , , , 6
, 0, , , , 6
, 0, , , , 6
, 0, , , , 6
, 0, , , , 6
, 0, , , , 6
, 0, , , , 6
, 0, , , , 6
, 0, , , , 6
, 0, , , , 6
, 0, , , , 6
, 0, , , , 6
, 0, , , , 6
, 0, , , , 6
, 0, , , , 6
, 0, , , , 6
, 0, , , , 6
, 0, , , , 6
, 0, , , , 6
, 0, , , , 6
, 0, , , , 6
, 0, , , , 6
, 0, , , , 6
, 0, , , , 6
, 0, , , , 6
, 0, , , , 6
, 0, , , , 6
, 0, , , , 6
, 0, , , , 6
, 0, , , , 6
, 0, , , , 6
, 0, , , , 6
, 0, , , , 6
, 0, , , , 6
, 0, , , , 6
, 0, , , , 6
, 0, , , , 6
, 0, , , , 6
, 0, , , , 6
, 0, , , , 6
, 0, , , , 6
, 0, , , , 6
, 0, , , , 6
, 0, , , , 6
, 0, , , , 6
, 0, , , , 6
, 0, , , , 6
, 0, , , , 6
, 0, , , , 6
, 0, , , , 6
, 0, , , , 6
, 0, , , , 6
, 0, , , , 6
, 0, , , , 6
, 0, , , , 6
, 0, , , , 6
, 0, , , , 6
, 0, , , , 6
, 0, , , , 6
, 0, , , , 6
, 0, , , , 6
, 0, , , , 6
, 0, , , , 6
, 0, , , , 6
, 0, , , , 6
, 0, , , , 6
, 0, , , , 6
, 0, , , , 6
, 0, , , , 6
, 0, , , , 6
, 0, , , , 6
, 0, , , , 6
, 0, , , , 6
, 0, , , , 6
, 0, , , , 6
, 0, , , , 6
, 0, , , , 6
, 0, , , , 6
, 0, , , , 6
, 0, , , , 6
, 0, , , , 6
, 0, , , , 6
, 0, , , , 6
, 0, , , , 6
, 0, , , , 6
, 0, , , , 6
, 0, , , , 6
, 0, , , , 6
, 0, , , , 6
, 0, , , , 6
, 0, , , , 6
, 0, , , , 6
, 0, , , , 6
, 0, , , , 6
, 0, , , , 6
, 0, , , , 6
, 0, , , , 6
, 0, , , , 6
, 0, , , , 6
, 0, , , , 6
, 0, , , , 6
, 0, , , , 6
, 0, , , , 6
, 0, , , , 6
, 0, , , , 6
, 0, , , , 6
, 0, , , , 6
, 0, , , , 6
, 0, , , , 6
, 0, , , , 6
, 0, , , , 6
, 0, , , , 6
, 0, , , , 6
, 0, , , , 6
, 0, , , , 6
, 0, , , , 6
, 0, , , , 6
, 0, , , , 6
, 0, , , , 6
, 0, , , , 6
, 0, , , , 6
, 0, , , , 6
, 0, , , , 6
, 0, , , , 6
, 0, , , , 6
, 0, , , , 6
, 0, , , , 6
, 0, , , , 6
, 0, , , , 6
, 0, , , , 6
, 0, , , , 6
, 0, , , , 6
, 0, , , , 6
, 0, , , , 6
, 0, , , , 6
, 0, , , , 6
, 0, , , , 6
, 0, , , , 6
, 0, , , , 6
, 0, , , , 6
, 0, , , , 6
, 0, , , , 6
, 0, , , , 6
, 0, , , , 6
, 0, , , , 6
, 0, , , , 6
, 0, , , , 6
, 0, , , , 6
, 0, , , , 6
, 0, , , , 6
, 0, , , , 6
, 0, , , , 6
, 0, , , , 6
, 0, , , , 6
, 0, , , , 6
, 0, , , , 6
, 0, , , , 6
, 0, , , , 6
, 0, , , , 6
, 0, , , , 6
, 0, , , , 6
, 0, , , , 6
, 0, , , , 6
, 0, , , , 6
, 0, , , , 6
, 0, , , , 6
, 0, , , , 6
, 0, , , , 6
, 0, , , , 6
, 0, , , , 6
, 0, , , , 6
, 0, , , , 6
, 0, , , , 6
, 0, , , , 6
, 0, , , , 6
, 0, , , , 6
, 0, , , , 6
, 0, , , , 6
, 0, , , , 6
, 0, , , , 6
, 0, , , , 6
, 0, , , , 6
, 0, , , , 6
, 0, , , , 6
, 0, , , , 6
, 0, , , , 6
, 0, , , , 6
, 0, , , , 6
, 0, , , , 6
, 0, , , , 6
, 0, , , , 6
, 0, , , , 6
, 0, , , , 6
, 0, , , , 6
, 0, , , , 6
, 0, , , , 6
, 0, , , , 6
, 0, , , , 6
, 0, , , , 6
, 0, , , , 6
, 0, , , , 6
, 0, , , , 6
, 0, , , , 6
, 0, , , , 6
, 0, , , , 6
, 0, , , , 6
, 0, , , , 6
, 0, , , , 6
, 0, , , , 6
, 0, , , , 6
, 0, , , , 6
, 0, , , , 6
, 0, , , , 6
, 0, , , , 6
, 0, , , , 6
, 0, , , , 6
, 0, , , , 6
, 0, , , , 6
, 0, , , , 6
, 0, , , , 6
, 0, , , , 6
, 0, , , , 6
, 0, , , , 6
, 0, , , , 6
, 0, , , , 6
, 0, , , , 6
, 0, , , , 6
, 0, , , , 6
, 0, , , , 6
, 0, , , , 6
, 0, , , , 6
, 0, , , , 6
, 0, , , , 6
, 0, , , , 6
, 0, , , , 6
, 0, , , , 6
, 0, , , , 6
, 0, , , , 6
, 0, , , , 6
, 0, , , , 6
, 0, , , , 6
, 0, , , , 6
, 0, , , , 6
, 0, , , , 6
, 0, , , , 6
, 0, , , , 6
, 0, , , , 6
, 0, , , , 6
, 0, , , , 6
, 0, , , , 6
, 0, , , , 6
, 0, , , , 6
, 0, , , , 6
, 0, , , , 6
, 0, , , , 6
, 0, , , , 6
, 0, , , , 6
, 0, , , , 6
, 0, , , , 6
, 0, , , , 6
, 0, , , , 6
, 0, , , , 6
, 0, , , , 6
, 0, , , , 6
, 0, , , , 6
, 0, , , , 6
, 0, , , , 6
, 0, , , , 6
, 0, , , , 6
, 0, , , , 6
, 0, , , , 6
, 0, , , , 6
, 0, , , , 6
, 0, , , , 6
, 0, , , , 6
, 0, , , , 6
, 0, , , , 6
, 0, , , , 6
, 0, , , , 6
, 0, , , , 6
, 0, , , , 6
, 0, , , , 6
, 0, , , , 6
, 0, , , , 6
, 0, , , , 6
, 0, , , , 6
, 0, , , , 6
, 0, , , , 7
, 0, , , , 7
, 0, , , , 7
, 0, , , , 7
, 0, , , , 7
, 0, , , , 7
, 0, , , , 7
, 0, , , , 7
, 0, , , , 7
, 0, , , , 7
, 0, , , , 7
, 0, , , , 7
, 0, , , , 7
, 0, , , , 7
, 0, , , , 7
, 0, , , , 7
, 0, , , , 7
, 0, , , , 7
, 0, , , , 7
, 0, , , , 7
, 0, , , , 7
, 0, , , , 7
, 0, , , , 7
, 0, , , , 7
, 0, , , , 7
, 0, , , , 7
, 0, , , , 7
, 0, , , , 7
, 0, , , , 7
, 0, , , , 7
, 0, , , , 7
, 0, , , , 7
, 0, , , , 7
, 0, , , , 7
, 0, , , , 7
, 0, , , , 7
, 0, , , , 7
, 0, , , , 7
, 0, , , , 7
, 0, , , , 7
, 0, , , , 7
, 0, , , , 7
, 0, , , , 7
, 0, , , , 7
, 0, , , , 7
, 0, , , , 7
, 0, , , , 7
, 0, , , , 7
, 0, , , , 7
, 0, , , , 7
, 0, , , , 7
, 0, , , , 7
, 0, , , , 7
, 0, , , , 7
, 0, , , , 7
, 0, , , , 7
, 0, , , , 7
, 0, , , , 7
, 0, , , , 7
, 0, , , , 7
, 0, , , , 7
, 0, , , , 7
, 0, , , , 7
, 0, , , , 7
, 0, , , , 7
, 0, , , , 7
, 0, , , , 7
, 0, , , , 7
, 0, , , , 7
, 0, , , , 7
, 0, , , , 7
, 0, , , , 7
, 0, , , , 7
, 0, , , , 7
, 0, , , , 7
, 0, , , , 7
, 0, , , , 7
, 0, , , , 7
, 0, , , , 7
, 0, , , , 7
, 0, , , , 7
, 0, , , , 7
, 0, , , , 7
, 0, , , , 7
, 0, , , , 7
, 0, , , , 7
, 0, , , , 7
, 0, , , , 7
, 0, , , , 7
, 0, , , , 7
, 0, , , , 7
, 0, , , , 7
, 0, , , , 7
, 0, , , , 7
, 0, , , , 7
, 0, , , , 7
, 0, , , , 7
, 0, , , , 7
, 0, , , , 7
, 0, , , , 7
, 0, , , , 7
, 0, , , , 7
, 0, , , , 7
, 0, , , , 7
, 0, , , , 7
, 0, , , , 7
, 0, , , , 7
, 0, , , , 7
, 0, , , , 7
, 0, , , , 7
, 0, , , , 7
, 0, , , , 7
, 0, , , , 7
, 0, , , , 7
, 0, , , , 7
, 0, , , , 7
, 0, , , , 7
, 0, , , , 7
, 0, , , , 7
, 0, , , , 7
, 0, , , , 7
, 0, , , , 7
, 0, , , , 7
, 0, , , , 7
, 0, , , , 7
, 0, , , , 7
, 0, , , , 7
, 0, , , , 7
, 0, , , , 7
, 0, , , , 7
, 0, , , , 7
, 0, , , , 7
, 0, , , , 7
, 0, , , , 7
, 0, , , , 7
, 0, , , , 7
, 0, , , , 7
, 0, , , , 7
, 0, , , , 7
, 0, , , , 7
, 0, , , , 7
, 0, , , , 7
, 0, , , , 7
, 0, , , , 7
, 0, , , , 7
, 0, , , , 7
, 0, , , , 7
, 0, , , , 7
, 0, , , , 7
, 0, , , , 7
, 0, , , , 7
, 0, , , , 7
, 0, , , , 7
, 0, , , , 7
, 0, , , , 7
, 0, , , , 7
, 0, , , , 7
, 0, , , , 7
, 0, , , , 7
, 0, , , , 7
, 0, , , , 7
, 0, , , , 7
, 0, , , , 7
, 0, , , , 7
, 0, , , , 7
, 0, , , , 7
, 0, , , , 7
, 0, , , , 7
, 0, , , , 7
, 0, , , , 7
, 0, , , , 7
, 0, , , , 7
, 0, , , , 7
, 0, , , , 7
, 0, , , , 7
, 0, , , , 7
, 0, , , , 7
, 0, , , , 7
, 0, , , , 7
, 0, , , , 7
, 0, , , , 7
, 0, , , , 7
, 0, , , , 7
, 0, , , , 7
, 0, , , , 7
, 0, , , , 7
, 0, , , , 7
, 0, , , , 7
, 0, , , , 7
, 0, , , , 7
, 0, , , , 7
, 0, , , , 7
, 0, , , , 7
, 0, , , , 7
, 0, , , , 7
, 0, , , , 7
, 0, , , , 7
, 0, , , , 7
, 0, , , , 7
, 0, , , , 7
, 0, , , , 7
, 0, , , , 7
, 0, , , , 7
, 0, , , , 7
, 0, , , , 7
, 0, , , , 7
, 0, , , , 7
, 0, , , , 7
, 0, , , , 7
, 0, , , , 7
, 0, , , , 7
, 0, , , , 7
, 0, , , , 7
, 0, , , , 7
, 0, , , , 7
, 0, , , , 7
, 0, , , , 7
, 0, , , , 7
, 0, , , , 7
, 0, , , , 7
, 0, , , , 7
, 0, , , , 7
, 0, , , , 7
, 0, , , , 7
, 0, , , , 7
, 0, , , , 7
, 0, , , , 7
, 0, , , , 7
, 0, , , , 7
, 0, , , , 7
, 0, , , , 7
, 0, , , , 7
, 0, , , , 7
, 0, , , , 7
, 0, , , , 7
, 0, , , , 7
, 0, , , , 7
, 0, , , , 7
, 0, , , , 7
, 0, , , , 7
, 0, , , , 7
, 0, , , , 7
, 0, , , , 7
, 0, , , , 7
, 0, , , , 7
, 0, , , , 7
, 0, , , , 7
, 0, , , , 7
, 0, , , , 7
, 0, , , , 7
, 0, , , , 7
, 0, , , , 7
, 0, , , , 7
, 0, , , , 7
, 0, , , , 7
, 0, , , , 7
, 0, , , , 7
, 0, , , , 7
, 0, , , , 7
, 0, , , , 7
, 0, , , , 7
, 0, , , , 7
, 0, , , , 7
, 0, , , , 7
, 0, , , , 7
, 0, , , , 7
, 0, , , , 7
, 0, , , , 7
, 0, , , , 7
, 0, , , , 7
, 0, , , , 7
, 0, , , , 7
, 0, , , , 7
, 0, , , , 7
, 0, , , , 7
, 0, , , , 7
, 0, , , , 7
, 0, , , , 7
, 0, , , , 7
, 0, , , , 7
, 0, , , , 7
, 0, , , , 7
, 0, , , , 7
, 0, , , , 7
, 0, , , , 7
, 0, , , , 7
, 0, , , , 7
, 0, , , , 7
, 0, , , , 7
, 0, , , , 7
, 0, , , , 7
, 0, , , , 7
, 0, , , , 7
, 0, , , , 7
, 0, , , , 7
, 0, , , , 7
, 0, , , , 7
, 0, , , , 7
, 0, , , , 7
, 0, , , , 8
, 0, , , , 8
, 0, , , , 8
, 0, , , , 8
, 0, , , , 8
, 0, , , , 8
, 0, , , , 8
, 0, , , , 8
, 0, , , , 8
, 0, , , , 8
, 0, , , , 8
, 0, , , , 8
, 0, , , , 8
, 0, , , , 8
, 0, , , , 8
, 0, , , , 8
, 0, , , , 8
, 0, , , , 8
, 0, , , , 8
, 0, , , , 8
, 0, , , , 8
, 0, , , , 8
, 0, , , , 8
, 0, , , , 8
, 0, , , , 8
, 0, , , , 8
, 0, , , , 8
, 0, , , , 8
, 0, , , , 8
, 0, , , , 8
, 0, , , , 8
, 0, , , , 8
, 0, , , , 8
, 0, , , , 8
, 0, , , , 8
, 0, , , , 8
, 0, , , , 8
, 0, , , , 8
, 0, , , , 8
, 0, , , , 8
, 0, , , , 8
, 0, , , , 8
, 0, , , , 8
, 0, , , , 8
, 0, , , , 8
, 0, , , , 8
, 0, , , , 8
, 0, , , , 8
, 0, , , , 8
, 0, , , , 8
, 0, , , , 8
, 0, , , , 8
, 0, , , , 8
, 0, , , , 8
, 0, , , , 8
, 0, , , , 8
, 0, , , , 8
, 0, , , , 8
, 0, , , , 8
, 0, , , , 8
, 0, , , , 8
, 0, , , , 8
, 0, , , , 8
, 0, , , , 8
, 0, , , , 8
, 0, , , , 8
, 0, , , , 8
, 0, , , , 8
, 0, , , , 8
, 0, , , , 8
, 0, , , , 8
, 0, , , , 8
, 0, , , , 8
, 0, , , , 8
, 0, , , , 8
, 0, , , , 8
, 0, , , , 8
, 0, , , , 8
, 0, , , , 8
, 0, , , , 8
, 0, , , , 8
, 0, , , , 8
, 0, , , , 8
, 0, , , , 8
, 0, , , , 8
, 0, , , , 8
, 0, , , , 8
, 0, , , , 8
, 0, , , , 8
, 0, , , , 8
, 0, , , , 8
, 0, , , , 8
, 0, , , , 8
, 0, , , , 8
, 0, , , , 8
, 0, , , , 8
, 0, , , , 8
, 0, , , , 8
, 0, , , , 8
, 0, , , , 8
, 0, , , , 8
, 0, , , , 8
, 0, , , , 8
, 0, , , , 8
, 0, , , , 8
, 0, , , , 8
, 0, , , , 8
, 0, , , , 8
, 0, , , , 8
, 0, , , , 8
, 0, , , , 8
, 0, , , , 8
, 0, , , , 8
, 0, , , , 8
, 0, , , , 8
, 0, , , , 8
, 0, , , , 8
, 0, , , , 8
, 0, , , , 8
, 0, , , , 8
, 0, , , , 8
, 0, , , , 8
, 0, , , , 8
, 0, , , , 8
, 0, , , , 8
, 0, , , , 8
, 0, , , , 8
, 0, , , , 8
, 0, , , , 8
, 0, , , , 8
, 0, , , , 8
, 0, , , , 8
, 0, , , , 8
, 0, , , , 8
, 0, , , , 8
, 0, , , , 8
, 0, , , , 8
, 0, , , , 8
, 0, , , , 8
, 0, , , , 8
, 0, , , , 8
, 0, , , , 8
, 0, , , , 8
, 0, , , , 8
, 0, , , , 8
, 0, , , , 8
, 0, , , , 8
, 0, , , , 8
, 0, , , , 8
, 0, , , , 8
, 0, , , , 8
, 0, , , , 8
, 0, , , , 8
, 0, , , , 8
, 0, , , , 8
, 0, , , , 8
, 0, , , , 8
, 0, , , , 8
, 0, , , , 8
, 0, , , , 8
, 0, , , , 8
, 0, , , , 8
, 0, , , , 8
, 0, , , , 8
, 0, , , , 8
, 0, , , , 8
, 0, , , , 8
, 0, , , , 8
, 0, , , , 8
, 0, , , , 8
, 0, , , , 8
, 0, , , , 8
, 0, , , , 8
, 0, , , , 8
, 0, , , , 8
, 0, , , , 8
, 0, , , , 8
, 0, , , , 8
, 0, , , , 8
, 0, , , , 8
, 0, , , , 8
, 0, , , , 8
, 0, , , , 8
, 0, , , , 8
, 0, , , , 8
, 0, , , , 8
, 0, , , , 8
, 0, , , , 8
, 0, , , , 8
, 0, , , , 8
, 0, , , , 8
, 0, , , , 8
, 0, , , , 8
, 0, , , , 8
, 0, , , , 8
, 0, , , , 8
, 0, , , , 8
, 0, , , , 8
, 0, , , , 8
, 0, , , , 8
, 0, , , , 8
, 0, , , , 8
, 0, , , , 8
, 0, , , , 8
, 0, , , , 8
, 0, , , , 8
, 0, , , , 8
, 0, , , , 8
, 0, , , , 8
, 0, , , , 8
, 0, , , , 8
, 0, , , , 8
, 0, , , , 8
, 0, , , , 8
, 0, , , , 8
, 0, , , , 8
, 0, , , , 8
, 0, , , , 8
, 0, , , , 8
, 0, , , , 8
, 0, , , , 8
, 0, , , , 8
, 0, , , , 8
, 0, , , , 8
, 0, , , , 8
, 0, , , , 8
, 0, , , , 8
, 0, , , , 8
, 0, , , , 8
, 0, , , , 8
, 0, , , , 8
, 0, , , , 8
, 0, , , , 8
, 0, , , , 8
, 0, , , , 8
, 0, , , , 8
, 0, , , , 8
, 0, , , , 8
, 0, , , , 8
, 0, , , , 8
, 0, , , , 8
, 0, , , , 8
, 0, , , , 8
, 0, , , , 8
, 0, , , , 8
, 0, , , , 8
, 0, , , , 8
, 0, , , , 8
, 0, , , , 8
, 0, , , , 8
, 0, , , , 8
, 0, , , , 8
, 0, , , , 8
, 0, , , , 8
, 0, , , , 8
, 0, , , , 8
, 0, , , , 8
, 0, , , , 8
, 0, , , , 8
, 0, , , , 8
, 0, , , , 8
, 0, , , , 8
, 0, , , , 8
, 0, , , , 8
, 0, , , , 8
, 0, , , , 8
, 0, , , , 8
, 0, , , , 8
, 0, , , , 8
, 0, , , , 8
, 0, , , , 8
, 0, , , , 8
, 0, , , , 8
, 0, , , , 8
, 0, , , , 8
, 0, , , , 8
, 0, , , , 8
, 0, , , , 8
, 0, , , , 8
, 0, , , , 8
, 0, , , , 8
, 0, , , , 8
, 0, , , , 8
, 0, , , , 8
, 0, , , , 8
, 0, , , , 8
, 0, , , , 8
, 0, , , , 8
, 0, , , , 8
, 0, , , , 8
, 0, , , , 8
, 0, , , , 8
, 0, , , , 8
, 0, , , , 8
, 0, , , , 8
, 0, , , , 8
, 0, , , , 8
, 0, , , , 8
, 0, , , , 8
, 0, , , , 16
, 0, , , , 16
, 0, , , , 16
, 0, , , , 16
, 0, , , , 16
, 0, , , , 16
, 0, , , , 16
, 0, , , , 16
, 0, , , , 16
, 0, , , , 16
, 0, , , , 16
, 0, , , , 16
, 0, , , , 16
, 0, , , , 16
, 0, , , , 16
, 0, , , , 16
, 0, , , , 16
, 0, , , , 16
, 0, , , , 16
, 0, , , , 16
, 0, , , , 16
, 0, , , , 16
, 0, , , , 16
, 0, , , , 16
, 0, , , , 16
, 0, , , , 16
, 0, , , , 16
, 0, , , , 16
, 0, , , , 16
, 0, , , , 16
, 0, , , , 16
, 0, , , , 16
, 0, , , , 16
, 0, , , , 16
, 0, , , , 16
, 0, , , , 16
, 0, , , , 16
, 0, , , , 16
, 0, , , , 16
, 0, , , , 16
, 0, , , , 16
, 0, , , , 16
, 0, , , , 16
, 0, , , , 16
, 0, , , , 16
, 0, , , , 16
, 0, , , , 16
, 0, , , , 16
, 0, , , , 16
, 0, , , , 16
, 0, , , , 16
, 0, , , , 16
, 0, , , , 16
, 0, , , , 16
, 0, , , , 16
, 0, , , , 16
, 0, , , , 16
, 0, , , , 16
, 0, , , , 16
, 0, , , , 16
, 0, , , , 16
, 0, , , , 16
, 0, , , , 16
, 0, , , , 16
, 0, , , , 16
, 0, , , , 16
, 0, , , , 16
, 0, , , , 16
, 0, , , , 16
, 0, , , , 16
, 0, , , , 16
, 0, , , , 16
, 0, , , , 16
, 0, , , , 16
, 0, , , , 16
, 0, , , , 16
, 0, , , , 16
, 0, , , , 16
, 0, , , , 16
, 0, , , , 16
, 0, , , , 16
, 0, , , , 16
, 0, , , , 16
, 0, , , , 16
, 0, , , , 16
, 0, , , , 16
, 0, , , , 16
, 0, , , , 16
, 0, , , , 16
, 0, , , , 16
, 0, , , , 16
, 0, , , , 16
, 0, , , , 16
, 0, , , , 16
, 0, , , , 16
, 0, , , , 16
, 0, , , , 16
, 0, , , , 16
, 0, , , , 16
, 0, , , , 16
, 0, , , , 16
, 0, , , , 16
, 0, , , , 16
, 0, , , , 16
, 0, , , , 16
, 0, , , , 16
, 0, , , , 16
, 0, , , , 16
, 0, , , , 16
, 0, , , , 16
, 0, , , , 16
, 0, , , , 16
, 0, , , , 16
, 0, , , , 16
, 0, , , , 16
, 0, , , , 16
, 0, , , , 16
, 0, , , , 16
, 0, , , , 16
, 0, , , , 16
, 0, , , , 16
, 0, , , , 16
, 0, , , , 16
, 0, , , , 16
, 0, , , , 16
, 0, , , , 16
, 0, , , , 16
, 0, , , , 16
, 0, , , , 16
, 0, , , , 16
, 0, , , , 16
, 0, , , , 16
, 0, , , , 16
, 0, , , , 16
, 0, , , , 16
, 0, , , , 16
, 0, , , , 16
, 0, , , , 16
, 0, , , , 16
, 0, , , , 16
, 0, , , , 16
, 0, , , , 16
, 0, , , , 16
, 0, , , , 16
, 0, , , , 16
, 0, , , , 16
, 0, , , , 16
, 0, , , , 16
, 0, , , , 16
, 0, , , , 16
, 0, , , , 16
, 0, , , , 16
, 0, , , , 16
, 0, , , , 16
, 0, , , , 16
, 0, , , , 16
, 0, , , , 16
, 0, , , , 16
, 0, , , , 16
, 0, , , , 16
, 0, , , , 16
, 0, , , , 16
, 0, , , , 16
, 0, , , , 16
, 0, , , , 16
, 0, , , , 16
, 0, , , , 16
, 0, , , , 16
, 0, , , , 16
, 0, , , , 16
, 0, , , , 16
, 0, , , , 16
, 0, , , , 16
, 0, , , , 16
, 0, , , , 16
, 0, , , , 16
, 0, , , , 16
, 0, , , , 16
, 0, , , , 16
, 0, , , , 16
, 0, , , , 16
, 0, , , , 16
, 0, , , , 16
, 0, , , , 16
, 0, , , , 16
, 0, , , , 16
, 0, , , , 16
, 0, , , , 16
, 0, , , , 16
, 0, , , , 16
, 0, , , , 16
, 0, , , , 16
, 0, , , , 16
, 0, , , , 16
, 0, , , , 16
, 0, , , , 16
, 0, , , , 16
, 0, , , , 16
, 0, , , , 16
, 0, , , , 16
, 0, , , , 16
, 0, , , , 16
, 0, , , , 16
, 0, , , , 16
, 0, , , , 16
, 0, , , , 16
, 0, , , , 16
, 0, , , , 16
, 0, , , , 16
, 0, , , , 16
, 0, , , , 16
, 0, , , , 16
, 0, , , , 16
, 0, , , , 16
, 0, , , , 16
, 0, , , , 16
, 0, , , , 16
, 0, , , , 16
, 0, , , , 16
, 0, , , , 16
, 0, , , , 16
, 0, , , , 16
, 0, , , , 16
, 0, , , , 16
, 0, , , , 16
, 0, , , , 16
, 0, , , , 16
, 0, , , , 16
, 0, , , , 16
, 0, , , , 16
, 0, , , , 16
, 0, , , , 16
, 0, , , , 16
, 0, , , , 16
, 0, , , , 16
, 0, , , , 16
, 0, , , , 16
, 0, , , , 16
, 0, , , , 16
, 0, , , , 16
, 0, , , , 16
, 0, , , , 16
, 0, , , , 16
, 0, , , , 16
, 0, , , , 16
, 0, , , , 16
, 0, , , , 16
, 0, , , , 16
, 0, , , , 16
, 0, , , , 16
, 0, , , , 16
, 0, , , , 16
, 0, , , , 16
, 0, , , , 16
, 0, , , , 16
, 0, , , , 16
, 0, , , , 16
, 0, , , , 16
, 0, , , , 16
, 0, , , , 16
, 0, , , , 16
, 0, , , , 16
, 0, , , , 16
, 0, , , , 16
, 0, , , , 16
, 0, , , , 16
, 0, , , , 16
, 0, , , , 16
, 0, , , , 16
, 0, , , , 16
, 0, , , , 16
, 0, , , , 16
, 0, , , , 16
, 0, , , , 16
, 0, , , , 16
, 0, , , , 16
, 0, , , , 16
, 0, , , , 16
, 0, , , , 16
, 0, , , , 16
, 0, , , , 16
, 0, , , , 16
, 0, , , , 16
, 0, , , , 16
, 0, , , , 16
, 0, , , , 16
, 0, , , , 16
, 0, , , , 16
, 0, , , , 16
, 0, , , , 16
, 0, , , , 16
, 0, , , , 16
, 0, , , , 16
, 0, , , , 16
, 0, , , , 16
, 0, , , , 16
, 0, , , , 16
, 0, , , , 16
, 0, , , , 16
, 0, , , , 16
, 0, , , , 16
, 0, , , , 16
, 0, , , , 16
, 0, , , , 16
, 0, , , , 16
, 0, , , , 16
, 0, , , , 16
, 0, , , , 16
, 0, , , , 16
, 0, , , , 16
, 0, , , , 16
, 0, , , , 16
, 0, , , , 16
, 0, , , , 16
, 0, , , , 16
, 0, , , , 16
, 0, , , , 16
, 0, , , , 16
, 0, , , , 16
, 0, , , , 16
, 0, , , , 16
, 0, , , , 16
, 0, , , , 16
, 0, , , , 16
, 0, , , , 16
, 0, , , , 16
, 0, , , , 16
, 0, , , , 16
, 0, , , , 16
, 0, , , , 16
, 0, , , , 16
, 0, , , , 16
, 0, , , , 16
, 0, , , , 16
, 0, , , , 16
, 0, , , , 16
, 0, , , , 16
, 0, , , , 16
, 0, , , , 16
, 0, , , , 16
, 0, , , , 16
, 0, , , , 16
, 0, , , , 16
, 0, , , , 16
, 0, , , , 16
, 0, , , , 16
, 0, , , , 16
, 0, , , , 16
, 0, , , , 16
, 0, , , , 16
, 0, , , , 16
, 0, , , , 16
, 0, , , , 16
, 0, , , , 16
, 0, , , , 16
, 0, , , , 16
, 0, , , , 16
, 0, , , , 16
, 0, , , , 16
, 0, , , , 16
, 0, , , , 16
, 0, , , , 16
, 0, , , , 16
, 0, , , , 16
, 0, , , , 16
, 0, , , , 16
, 0, , , , 16
, 0, , , , 16
, 0, , , , 16
, 0, , , , 16
, 0, , , , 16
, 0, , , , 16
, 0, , , , 16
, 0, , , , 16
, 0, , , , 16
, 0, , , , 16
, 0, , , , 16
, 0, , , , 16
, 0, , , , 16
, 0, , , , 16
, 0, , , , 16
, 0, , , , 16
, 0, , , , 16
, 0, , , , 16
, 0, , , , 16
, 0, , , , 16
, 0, , , , 16
, 0, , , , 16
, 0, , , , 16
, 0, , , , 16
, 0, , , , 16
, 0, , , , 16
, 0, , , , 16
, 0, , , , 16
, 0, , , , 16
, 0, , , , 16
, 0, , , , 16
, 0, , , , 16
, 0, , , , 16
, 0, , , , 16
, 0, , , , 16
, 0, , , , 16
, 0, , , , 16
, 0, , , , 16
, 0, , , , 16
, 0, , , , 16
, 0, , , , 16
, 0, , , , 16
, 0, , , , 16
, 0, , , , 16
, 0, , , , 16
, 0, , , , 16
, 0, , , , 16
, 0, , , , 16
, 0, , , , 16
, 0, , , , 16
, 0, , , , 16
, 0, , , , 16
, 0, , , , 16
, 0, , , , 16
, 0, , , , 16
, 0, , , , 16
, 0, , , , 16
, 0, , , , 16
, 0, , , , 16
, 0, , , , 16
, 0, , , , 16
, 0, , , , 16
, 0, , , , 16
, 0, , , , 16
, 0, , , , 16
, 0, , , , 16
, 0, , , , 16
, 0, , , , 16
, 0, , , , 16
, 0, , , , 16
, 0, , , , 16
, 0, , , , 16
, 0, , , , 16
, 0, , , , 16
, 0, , , , 16
, 0, , , , 16
, 0, , , , 16
, 0, , , , 16
, 0, , , , 16
, 0, , , , 16
, 0, , , , 16
, 0, , , , 16
, 0, , , , 16
, 0, , , , 16
, 0, , , , 16
, 0, , , , 16
, 0, , , , 16
, 0, , , , 16
, 0, , , , 16
, 0, , , , 16
, 0, , , , 16
, 0, , , , 16
, 0, , , , 16
, 0, , , , 16
, 0, , , , 16
, 0, , , , 16
, 0, , , , 16
, 0, , , , 16
, 0, , , , 16
, 0, , , , 16
, 0, , , , 16
, 0, , , , 16
, 0, , , , 16
, 0, , , , 16
, 0, , , , 16
, 0, , , , 16
, 0, , , , 16
, 0, , , , 16
, 0, , , , 16
, 0, , , , 16
, 0, , , , 16
, 0, , , , 16
, 0, , , , 16
, 0, , , , 16
, 0, , , , 16
, 0, , , , 16
, 0, , , , 16
, 0, , , , 16
, 0, , , , 16
, 0, , , , 16
, 0, , , , 16
, 0, , , , 16
, 0, , , , 16
, 0, , , , 16
, 0, , , , 16
, 0, , , , 16
, 0, , , , 16
, 0, , , , 16
, 0, , , , 16
, 0, , , , 16
, 0, , , , 16
, 0, , , , 16
, 0, , , , 16
, 0, , , , 16
, 0, , , , 16
, 0, , , , 16
, 0, , , , 16
, 0, , , , 16
, 0, , , , 16
, 0, , , , 16
, 0, , , , 16
, 0, , , , 16
, 0, , , , 16
, 0, , , , 16
, 0, , , , 16
, 0, , , , 16
, 0, , , , 16
, 0, , , , 16
, 0, , , , 16
, 0, , , , 16
, 0, , , , 16
, 0, , , , 16
, 0, , , , 16
, 0, , , , 16
, 0, , , , 16
, 0, , , , 16
, 0, , , , 16
, 0, , , , 16
, 0, , , , 16
, 0, , , , 16
, 0, , , , 16
, 0, , , , 16
, 0, , , , 16
, 0, , , , 16
, 0, , , , 16
, 0, , , , 16
, 0, , , , 16
, 0, , , , 16
, 0, , , , 16
, 0, , , , 16
, 0, , , , 16
, 0, , , , 16
, 0, , , , 16
, 0, , , , 16
, 0, , , , 16
, 0, , , , 16
, 0, , , , 16
, 0, , , , 16
, 0, , , , 16
, 0, , , , 16
, 0, , , , 16
, 0, , , , 16
, 0, , , , 16
, 0, , , , 16
, 0, , , , 16
, 0, , , , 16
, 0, , , , 16
, 0, , , , 16
, 0, , , , 16
, 0, , , , 16
, 0, , , , 16
, 0, , , , 16
, 0, , , , 16
, 0, , , , 16
, 0, , , , 16
, 0, , , , 16
, 0, , , , 16
, 0, , , , 16
, 0, , , , 16
, 0, , , , 16
, 0, , , , 16
, 0, , , , 16
, 0, , , , 16
, 0, , , , 16
, 0, , , , 16
, 0, , , , 16
, 0, , , , 16
, 0, , , , 16
, 0, , , , 16
, 0, , , , 16
, 0, , , , 16
, 0, , , , 16
, 0, , , , 16
, 0, , , , 16
, 0, , , , 16
, 0, , , , 16
, 0, , , , 16
, 0, , , , 16
, 0, , , , 16
, 0, , , , 16
, 0, , , , 16
, 0, , , , 16
, 0, , , , 16
, 0, , , , 16
, 0, , , , 16
, 0, , , , 16
, 0, , , , 16
, 0, , , , 16
, 0, , , , 16
, 0, , , , 16
, 0, , , , 16
, 0, , , , 16
, 0, , , , 16
, 0, , , , 16
, 0, , , , 16
, 0, , , , 16
, 0, , , , 16
, 0, , , , 16
, 0, , , , 16
, 0, , , , 16
, 0, , , , 16
, 0, , , , 16
, 0, , , , 16
, 0, , , , 16
, 0, , , , 16
, 0, , , , 16
, 0, , , , 16
, 0, , , , 16
, 0, , , , 16
, 0, , , , 16
, 0, , , , 16
, 0, , , , 16
, 0, , , , 16
, 0, , , , 16
, 0, , , , 16
, 0, , , , 16
, 0, , , , 16
, 0, , , , 16
, 0, , , , 16
, 0, , , , 16
, 0, , , , 16
, 0, , , , 16
, 0, , , , 16
, 0, , , , 16
, 0, , , , 16
, 0, , , , 16
, 0, , , , 16
, 0, , , , 16
, 0, , , , 16
, 0, , , , 16
, 0, , , , 16
, 0, , , , 16
, 0, , , , 16
, 0, , , , 16
, 0, , , , 16
, 0, , , , 16
, 0, , , , 16
, 0, , , , 16
, 0, , , , 16
, 0, , , , 16
, 0, , , , 16
, 0, , , , 16
, 0, , , , 16
, 0, , , , 16
, 0, , , , 16
, 0, , , , 16
, 0, , , , 16
, 0, , , , 16
, 0, , , , 16
, 0, , , , 16
, 0, , , , 16
, 0, , , , 16
, 0, , , , 16
, 0, , , , 16
, 0, , , , 16
, 0, , , , 16
, 0, , , , 16
, 0, , , , 16
, 0, , , , 16
, 0, , , , 16
, 0, , , , 16
, 0, , , , 16
, 0, , , , 16
, 0, , , , 16
, 0, , , , 16
, 0, , , , 16
, 0, , , , 16
, 0, , , , 16
, 0, , , , 16
, 0, , , , 16
, 0, , , , 16
, 0, , , , 16
, 0, , , , 16
, 0, , , , 16
, 0, , , , 16
, 0, , , , 16
, 0, , , , 16
, 0, , , , 16
, 0, , , , 16
, 0, , , , 16
, 0, , , , 16
, 0, , , , 16
, 0, , , , 16
, 0, , , , 16
, 0, , , , 16
, 0, , , , 16
, 0, , , , 16
, 0, , , , 16
, 0, , , , 16
, 0, , , , 16
, 0, , , , 16
, 0, , , , 16
, 0, , , , 16
, 0, , , , 16
, 0, , , , 16
, 0, , , , 16
, 0, , , , 16
, 0, , , , 16
, 0, , , , 16
, 0, , , , 16
, 0, , , , 16
, 0, , , , 16
, 0, , , , 16
, 0, , , , 16
, 0, , , , 16
, 0, , , , 16
, 0, , , , 16
, 0, , , , 16
, 0, , , , 16
, 0, , , , 16
, 0, , , , 16
, 0, , , , 16
, 0, , , , 16
, 0, , , , 16
, 0, , , , 16
, 0, , , , 16
, 0, , , , 16
, 0, , , , 17
, 0, , , , 17
, 0, , , , 17
, 0, , , , 17
, 0, , , , 17
, 0, , , , 17
, 0, , , , 17
, 0, , , , 17
, 0, , , , 17
, 0, , , , 17
, 0, , , , 17
, 0, , , , 17
, 0, , , , 17
, 0, , , , 17
, 0, , , , 17
, 0, , , , 17
, 0, , , , 17
, 0, , , , 17
, 0, , , , 17
, 0, , , , 17
, 0, , , , 17
, 0, , , , 17
, 0, , , , 17
, 0, , , , 17
, 0, , , , 17
, 0, , , , 17
, 0, , , , 17
, 0, , , , 17
, 0, , , , 17
, 0, , , , 17
, 0, , , , 17
, 0, , , , 17
, 0, , , , 17
, 0, , , , 17
, 0, , , , 17
, 0, , , , 17
, 0, , , , 17
, 0, , , , 17
, 0, , , , 17
, 0, , , , 17
, 0, , , , 17
, 0, , , , 17
, 0, , , , 17
, 0, , , , 17
, 0, , , , 17
, 0, , , , 17
, 0, , , , 17
, 0, , , , 17
, 0, , , , 17
, 0, , , , 17
, 0, , , , 17
, 0, , , , 17
, 0, , , , 17
, 0, , , , 17
, 0, , , , 17
, 0, , , , 17
, 0, , , , 17
, 0, , , , 17
, 0, , , , 17
, 0, , , , 17
, 0, , , , 17
, 0, , , , 17
, 0, , , , 17
, 0, , , , 17
, 0, , , , 17
, 0, , , , 17
, 0, , , , 17
, 0, , , , 17
, 0, , , , 17
, 0, , , , 17
, 0, , , , 17
, 0, , , , 17
, 0, , , , 17
, 0, , , , 17
, 0, , , , 17
, 0, , , , 17
, 0, , , , 17
, 0, , , , 17
, 0, , , , 17
, 0, , , , 17
, 0, , , , 17
, 0, , , , 17
, 0, , , , 17
, 0, , , , 17
, 0, , , , 17
, 0, , , , 17
, 0, , , , 17
, 0, , , , 17
, 0, , , , 17
, 0, , , , 17
, 0, , , , 17
, 0, , , , 17
, 0, , , , 17
, 0, , , , 17
, 0, , , , 17
, 0, , , , 17
, 0, , , , 17
, 0, , , , 17
, 0, , , , 17
, 0, , , , 17
, 0, , , , 17
, 0, , , , 17
, 0, , , , 17
, 0, , , , 17
, 0, , , , 17
, 0, , , , 17
, 0, , , , 17
, 0, , , , 17
, 0, , , , 17
, 0, , , , 17
, 0, , , , 17
, 0, , , , 17
, 0, , , , 17
, 0, , , , 17
, 0, , , , 17
, 0, , , , 17
, 0, , , , 17
, 0, , , , 17
, 0, , , , 17
, 0, , , , 17
, 0, , , , 17
, 0, , , , 17
, 0, , , , 17
, 0, , , , 17
, 0, , , , 17
, 0, , , , 17
, 0, , , , 17
, 0, , , , 17
, 0, , , , 17
, 0, , , , 17
, 0, , , , 17
, 0, , , , 17
, 0, , , , 17
, 0, , , , 17
, 0, , , , 17
, 0, , , , 17
, 0, , , , 17
, 0, , , , 17
, 0, , , , 17
, 0, , , , 17
, 0, , , , 17
, 0, , , , 17
, 0, , , , 17
, 0, , , , 17
, 0, , , , 17
, 0, , , , 17
, 0, , , , 17
, 0, , , , 17
, 0, , , , 17
, 0, , , , 17
, 0, , , , 17
, 0, , , , 17
, 0, , , , 17
, 0, , , , 17
, 0, , , , 17
, 0, , , , 17
, 0, , , , 17
, 0, , , , 17
, 0, , , , 17
, 0, , , , 17
, 0, , , , 17
, 0, , , , 17
, 0, , , , 17
, 0, , , , 17
, 0, , , , 17
, 0, , , , 17
, 0, , , , 17
, 0, , , , 17
, 0, , , , 17
, 0, , , , 17
, 0, , , , 17
, 0, , , , 17
, 0, , , , 17
, 0, , , , 17
, 0, , , , 17
, 0, , , , 17
, 0, , , , 17
, 0, , , , 17
, 0, , , , 17
, 0, , , , 17
, 0, , , , 17
